id,class
0,2
1,14
2,13
3,1
4,9
5,4
6,8
7,10
8,18
9,8
10,16
11,6
12,17
13,19
14,19
15,4
16,12
17,3
18,14
19,0
20,3
21,8
22,17
23,19
24,14
25,13
26,7
27,8
28,1
29,12
30,1
31,3
32,8
33,12
34,9
35,7
36,13
37,12
38,11
39,6
40,2
41,4
42,18
43,0
44,9
45,0
46,0
47,10
48,0
49,9
50,5
51,1
52,2
53,8
54,7
55,8
56,17
57,17
58,2
59,19
60,13
61,7
62,17
63,7
64,2
65,1
66,7
67,2
68,14
69,7
70,18
71,8
72,17
73,13
74,0
75,3
76,9
77,8
78,17
79,5
80,17
81,7
82,8
83,17
84,10
85,0
86,0
87,11
88,13
89,13
90,2
91,11
92,0
93,13
94,13
95,4
96,13
97,1
98,10
99,3
100,3
101,12
102,14
103,5
104,16
105,12
106,3
107,12
108,5
109,5
110,8
111,7
112,11
113,6
114,11
115,17
116,4
117,5
118,5
119,6
120,14
121,17
122,10
123,16
124,4
125,19
126,18
127,8
128,4
129,16
130,3
131,9
132,19
133,15
134,15
135,12
136,9
137,4
138,15
139,17
140,4
141,8
142,18
143,9
144,6
145,11
146,14
147,8
148,1
149,0
150,9
151,8
152,8
153,19
154,11
155,16
156,3
157,18
158,0
159,12
160,11
161,15
162,14
163,0
164,0
165,9
166,2
167,15
168,1
169,1
170,9
171,9
172,5
173,11
174,16
175,3
176,4
177,11
178,3
179,1
180,12
181,12
182,6
183,10
184,9
185,7
186,3
187,1
188,14
189,11
190,9
191,3
192,14
193,2
194,16
195,19
196,6
197,3
198,14
199,8
200,15
201,19
202,19
203,11
204,11
205,7
206,8
207,9
208,2
209,14
210,9
211,6
212,16
213,6
214,4
215,13
216,5
217,16
218,6
219,14
220,11
221,9
222,19
223,9
224,14
225,13
226,17
227,18
228,4
229,8
230,17
231,18
232,3
233,17
234,14
235,11
236,3
237,12
238,17
239,17
240,12
241,16
242,14
243,15
244,1
245,14
246,19
247,11
248,3
249,10
250,7
251,17
252,16
253,0
254,19
255,3
256,3
257,19
258,7
259,11
260,19
261,18
262,10
263,4
264,12
265,16
266,17
267,1
268,12
269,3
270,3
271,11
272,7
273,3
274,12
275,19
276,0
277,13
278,18
279,9
280,19
281,3
282,2
283,14
284,17
285,9
286,10
287,1
288,17
289,17
290,11
291,11
292,0
293,3
294,4
295,1
296,15
297,7
298,18
299,6
300,9
301,3
302,7
303,14
304,8
305,3
306,3
307,8
308,0
309,13
310,17
311,3
312,3
313,12
314,18
315,13
316,19
317,15
318,16
319,10
320,7
321,2
322,4
323,0
324,2
325,3
326,0
327,19
328,5
329,3
330,18
331,6
332,14
333,14
334,9
335,8
336,5
337,15
338,19
339,4
340,9
341,14
342,0
343,16
344,9
345,16
346,17
347,7
348,7
349,15
350,7
351,19
352,14
353,9
354,1
355,0
356,11
357,17
358,1
359,9
360,5
361,10
362,14
363,17
364,3
365,0
366,5
367,6
368,14
369,4
370,19
371,8
372,18
373,19
374,17
375,19
376,6
377,12
378,6
379,6
380,7
381,15
382,12
383,7
384,19
385,12
386,15
387,18
388,19
389,2
390,15
391,18
392,10
393,6
394,8
395,6
396,18
397,12
398,11
399,7
400,0
401,2
402,12
403,9
404,9
405,13
406,10
407,0
408,16
409,4
410,1
411,2
412,11
413,6
414,11
415,10
416,18
417,18
418,16
419,7
420,0
421,8
422,18
423,10
424,8
425,12
426,10
427,16
428,4
429,5
430,17
431,4
432,14
433,6
434,7
435,10
436,14
437,13
438,12
439,9
440,1
441,0
442,19
443,2
444,2
445,5
446,0
447,1
448,18
449,17
450,13
451,7
452,17
453,10
454,19
455,18
456,11
457,13
458,18
459,15
460,0
461,1
462,3
463,14
464,8
465,9
466,13
467,16
468,14
469,6
470,6
471,11
472,10
473,1
474,7
475,10
476,8
477,0
478,6
479,9
480,1
481,6
482,5
483,5
484,4
485,16
486,14
487,0
488,9
489,11
490,0
491,3
492,11
493,3
494,1
495,7
496,12
497,15
498,6
499,16
500,17
501,17
502,7
503,5
504,4
505,2
506,12
507,5
508,6
509,2
510,2
511,10
512,15
513,14
514,6
515,1
516,2
517,10
518,14
519,1
520,1
521,6
522,2
523,5
524,8
525,12
526,17
527,18
528,19
529,14
530,7
531,12
532,11
533,15
534,7
535,10
536,6
537,19
538,7
539,1
540,8
541,12
542,10
543,2
544,12
545,4
546,16
547,14
548,0
549,0
550,1
551,17
552,4
553,4
554,6
555,4
556,9
557,15
558,8
559,12
560,10
561,8
562,17
563,1
564,4
565,6
566,0
567,2
568,13
569,19
570,11
571,12
572,10
573,1
574,12
575,5
576,7
577,19
578,2
579,17
580,8
581,6
582,0
583,0
584,13
585,12
586,8
587,15
588,19
589,12
590,10
591,1
592,15
593,19
594,0
595,6
596,2
597,8
598,2
599,2
600,6
601,1
602,2
603,8
604,19
605,6
606,11
607,14
608,1
609,1
610,10
611,4
612,8
613,2
614,19
615,17
616,0
617,2
618,16
619,4
620,4
621,10
622,2
623,19
624,15
625,9
626,13
627,17
628,4
629,8
630,15
631,19
632,7
633,1
634,19
635,3
636,15
637,17
638,13
639,17
640,8
641,1
642,5
643,6
644,5
645,6
646,12
647,5
648,5
649,8
650,9
651,17
652,11
653,7
654,17
655,7
656,11
657,16
658,8
659,16
660,6
661,18
662,10
663,10
664,17
665,15
666,8
667,9
668,12
669,12
670,3
671,3
672,18
673,6
674,9
675,7
676,11
677,9
678,13
679,17
680,0
681,11
682,16
683,7
684,3
685,3
686,18
687,9
688,17
689,12
690,9
691,3
692,0
693,12
694,4
695,7
696,14
697,9
698,19
699,18
700,7
701,9
702,19
703,0
704,14
705,1
706,9
707,15
708,16
709,13
710,15
711,16
712,10
713,19
714,10
715,5
716,7
717,6
718,18
719,14
720,1
721,16
722,0
723,10
724,19
725,14
726,7
727,11
728,4
729,4
730,16
731,8
732,12
733,15
734,15
735,16
736,10
737,18
738,8
739,7
740,6
741,6
742,9
743,1
744,11
745,7
746,8
747,10
748,3
749,4
750,15
751,19
752,6
753,2
754,17
755,10
756,16
757,10
758,9
759,15
760,14
761,19
762,5
763,9
764,7
765,10
766,1
767,8
768,3
769,10
770,4
771,15
772,14
773,2
774,4
775,2
776,11
777,12
778,5
779,19
780,10
781,1
782,15
783,1
784,8
785,1
786,10
787,13
788,16
789,16
790,17
791,8
792,16
793,9
794,2
795,18
796,1
797,11
798,9
799,8
800,10
801,18
802,17
803,0
804,3
805,10
806,18
807,10
808,13
809,18
810,4
811,10
812,1
813,7
814,6
815,2
816,0
817,3
818,4
819,16
820,11
821,13
822,10
823,19
824,18
825,1
826,4
827,6
828,14
829,6
830,15
831,1
832,9
833,19
834,18
835,17
836,13
837,5
838,1
839,2
840,16
841,11
842,11
843,19
844,14
845,1
846,9
847,18
848,2
849,7
850,17
851,19
852,15
853,6
854,1
855,11
856,3
857,5
858,2
859,2
860,18
861,16
862,0
863,7
864,7
865,8
866,4
867,1
868,13
869,0
870,10
871,7
872,11
873,2
874,7
875,7
876,19
877,3
878,12
879,19
880,17
881,0
882,10
883,16
884,8
885,18
886,3
887,15
888,15
889,14
890,15
891,15
892,10
893,7
894,14
895,2
896,12
897,1
898,0
899,15
900,10
901,12
902,17
903,19
904,17
905,7
906,10
907,6
908,10
909,13
910,6
911,10
912,1
913,7
914,8
915,15
916,17
917,2
918,6
919,16
920,14
921,8
922,0
923,14
924,14
925,14
926,16
927,3
928,15
929,18
930,19
931,3
932,10
933,14
934,18
935,12
936,16
937,14
938,4
939,13
940,18
941,3
942,7
943,1
944,0
945,15
946,5
947,8
948,9
949,6
950,3
951,0
952,7
953,6
954,12
955,10
956,2
957,12
958,6
959,6
960,9
961,18
962,18
963,5
964,9
965,6
966,12
967,0
968,10
969,12
970,19
971,18
972,8
973,17
974,13
975,14
976,8
977,10
978,15
979,1
980,16
981,11
982,3
983,18
984,9
985,9
986,16
987,17
988,13
989,18
990,4
991,11
992,0
993,3
994,6
995,8
996,13
997,3
998,6
999,3
1000,19
1001,5
1002,7
1003,18
1004,15
1005,16
1006,16
1007,2
1008,19
1009,3
1010,4
1011,1
1012,7
1013,8
1014,18
1015,14
1016,3
1017,4
1018,1
1019,7
1020,10
1021,2
1022,12
1023,10
1024,19
1025,0
1026,10
1027,10
1028,10
1029,16
1030,6
1031,6
1032,6
1033,16
1034,9
1035,8
1036,11
1037,16
1038,5
1039,17
1040,10
1041,11
1042,18
1043,6
1044,14
1045,7
1046,8
1047,2
1048,15
1049,5
1050,3
1051,1
1052,1
1053,17
1054,1
1055,1
1056,6
1057,19
1058,0
1059,11
1060,4
1061,16
1062,11
1063,15
1064,1
1065,16
1066,16
1067,17
1068,9
1069,0
1070,11
1071,19
1072,7
1073,2
1074,12
1075,6
1076,15
1077,17
1078,2
1079,8
1080,3
1081,13
1082,14
1083,8
1084,19
1085,16
1086,12
1087,3
1088,3
1089,4
1090,10
1091,5
1092,13
1093,7
1094,9
1095,14
1096,9
1097,0
1098,14
1099,8
1100,19
1101,14
1102,14
1103,12
1104,11
1105,16
1106,12
1107,5
1108,12
1109,7
1110,14
1111,7
1112,4
1113,0
1114,3
1115,7
1116,8
1117,17
1118,1
1119,3
1120,1
1121,3
1122,9
1123,8
1124,3
1125,3
1126,13
1127,8
1128,13
1129,5
1130,10
1131,18
1132,2
1133,10
1134,14
1135,6
1136,6
1137,3
1138,4
1139,15
1140,13
1141,4
1142,0
1143,19
1144,7
1145,11
1146,2
1147,15
1148,3
1149,17
1150,5
1151,11
1152,10
1153,7
1154,1
1155,0
1156,18
1157,3
1158,14
1159,13
1160,15
1161,7
1162,14
1163,19
1164,6
1165,10
1166,14
1167,11
1168,17
1169,4
1170,8
1171,16
1172,14
1173,0
1174,0
1175,19
1176,17
1177,12
1178,8
1179,16
1180,13
1181,13
1182,14
1183,8
1184,14
1185,9
1186,18
1187,0
1188,11
1189,12
1190,17
1191,15
1192,17
1193,4
1194,6
1195,5
1196,11
1197,14
1198,8
1199,8
1200,8
1201,7
1202,3
1203,2
1204,1
1205,3
1206,8
1207,15
1208,11
1209,9
1210,11
1211,19
1212,12
1213,4
1214,18
1215,1
1216,9
1217,1
1218,1
1219,3
1220,7
1221,10
1222,18
1223,2
1224,10
1225,19
1226,14
1227,11
1228,19
1229,5
1230,9
1231,1
1232,7
1233,15
1234,17
1235,7
1236,14
1237,4
1238,10
1239,7
1240,7
1241,17
1242,4
1243,19
1244,12
1245,2
1246,10
1247,17
1248,3
1249,1
1250,10
1251,3
1252,3
1253,15
1254,1
1255,9
1256,2
1257,9
1258,18
1259,1
1260,8
1261,6
1262,15
1263,13
1264,12
1265,4
1266,3
1267,6
1268,8
1269,11
1270,4
1271,15
1272,10
1273,18
1274,2
1275,3
1276,5
1277,7
1278,11
1279,1
1280,7
1281,5
1282,8
1283,3
1284,2
1285,12
1286,13
1287,7
1288,10
1289,3
1290,14
1291,8
1292,17
1293,10
1294,13
1295,2
1296,2
1297,17
1298,9
1299,1
1300,2
1301,4
1302,9
1303,19
1304,6
1305,14
1306,13
1307,18
1308,8
1309,17
1310,13
1311,16
1312,10
1313,8
1314,1
1315,0
1316,5
1317,4
1318,18
1319,18
1320,12
1321,15
1322,9
1323,3
1324,8
1325,15
1326,8
1327,10
1328,15
1329,2
1330,14
1331,7
1332,10
1333,4
1334,2
1335,12
1336,14
1337,8
1338,7
1339,8
1340,13
1341,13
1342,4
1343,5
1344,5
1345,15
1346,12
1347,5
1348,2
1349,1
1350,5
1351,9
1352,15
1353,18
1354,6
1355,11
1356,11
1357,17
1358,2
1359,17
1360,1
1361,4
1362,10
1363,15
1364,9
1365,4
1366,16
1367,19
1368,19
1369,19
1370,17
1371,11
1372,12
1373,16
1374,10
1375,3
1376,12
1377,19
1378,1
1379,7
1380,8
1381,16
1382,18
1383,11
1384,8
1385,2
1386,18
1387,18
1388,19
1389,6
1390,12
1391,9
1392,4
1393,12
1394,11
1395,15
1396,9
1397,13
1398,0
1399,3
1400,0
1401,19
1402,8
1403,14
1404,8
1405,8
1406,17
1407,8
1408,8
1409,10
1410,18
1411,8
1412,3
1413,9
1414,7
1415,10
1416,19
1417,6
1418,1
1419,9
1420,6
1421,17
1422,17
1423,2
1424,5
1425,19
1426,0
1427,19
1428,11
1429,19
1430,10
1431,19
1432,18
1433,19
1434,8
1435,11
1436,4
1437,7
1438,8
1439,17
1440,8
1441,2
1442,10
1443,19
1444,7
1445,10
1446,4
1447,14
1448,16
1449,3
1450,5
1451,6
1452,3
1453,5
1454,15
1455,2
1456,16
1457,9
1458,14
1459,6
1460,4
1461,1
1462,7
1463,3
1464,18
1465,17
1466,11
1467,12
1468,4
1469,12
1470,14
1471,3
1472,7
1473,2
1474,15
1475,15
1476,0
1477,11
1478,6
1479,14
1480,9
1481,9
1482,7
1483,2
1484,16
1485,5
1486,10
1487,1
1488,7
1489,14
1490,19
1491,13
1492,4
1493,14
1494,4
1495,10
1496,9
1497,14
1498,9
1499,1
1500,19
1501,4
1502,14
1503,18
1504,1
1505,3
1506,10
1507,5
1508,5
1509,6
1510,17
1511,17
1512,10
1513,1
1514,15
1515,10
1516,3
1517,9
1518,14
1519,2
1520,15
1521,13
1522,6
1523,0
1524,1
1525,14
1526,16
1527,19
1528,1
1529,9
1530,11
1531,1
1532,19
1533,4
1534,1
1535,5
1536,6
1537,10
1538,6
1539,16
1540,12
1541,7
1542,3
1543,8
1544,3
1545,4
1546,7
1547,10
1548,2
1549,13
1550,13
1551,8
1552,16
1553,2
1554,1
1555,16
1556,3
1557,14
1558,7
1559,9
1560,16
1561,9
1562,9
1563,15
1564,17
1565,14
1566,15
1567,10
1568,16
1569,14
1570,18
1571,17
1572,0
1573,4
1574,4
1575,16
1576,14
1577,6
1578,3
1579,1
1580,1
1581,8
1582,11
1583,9
1584,8
1585,9
1586,1
1587,14
1588,17
1589,16
1590,14
1591,8
1592,11
1593,8
1594,19
1595,7
1596,9
1597,11
1598,14
1599,4
1600,4
1601,12
1602,5
1603,8
1604,18
1605,14
1606,8
1607,15
1608,19
1609,2
1610,16
1611,6
1612,10
1613,10
1614,11
1615,7
1616,3
1617,15
1618,10
1619,9
1620,13
1621,0
1622,3
1623,19
1624,12
1625,18
1626,3
1627,1
1628,8
1629,2
1630,19
1631,18
1632,0
1633,12
1634,16
1635,14
1636,13
1637,7
1638,16
1639,0
1640,6
1641,8
1642,9
1643,7
1644,10
1645,7
1646,4
1647,8
1648,5
1649,6
1650,10
1651,10
1652,13
1653,8
1654,8
1655,19
1656,16
1657,15
1658,4
1659,3
1660,12
1661,11
1662,0
1663,17
1664,4
1665,4
1666,8
1667,10
1668,6
1669,2
1670,9
1671,10
1672,8
1673,2
1674,0
1675,0
1676,3
1677,10
1678,11
1679,10
1680,15
1681,7
1682,14
1683,3
1684,0
1685,18
1686,13
1687,15
1688,19
1689,0
1690,4
1691,8
1692,0
1693,17
1694,2
1695,16
1696,9
1697,2
1698,18
1699,9
1700,14
1701,0
1702,3
1703,0
1704,10
1705,4
1706,11
1707,2
1708,4
1709,16
1710,13
1711,9
1712,18
1713,14
1714,8
1715,19
1716,7
1717,6
1718,6
1719,6
1720,2
1721,14
1722,14
1723,15
1724,14
1725,13
1726,15
1727,10
1728,15
1729,6
1730,12
1731,7
1732,1
1733,19
1734,7
1735,17
1736,16
1737,11
1738,17
1739,14
1740,19
1741,4
1742,8
1743,17
1744,14
1745,10
1746,2
1747,3
1748,10
1749,8
1750,2
1751,6
1752,6
1753,9
1754,14
1755,9
1756,7
1757,14
1758,15
1759,2
1760,19
1761,2
1762,2
1763,15
1764,7
1765,13
1766,17
1767,10
1768,15
1769,3
1770,18
1771,14
1772,12
1773,3
1774,4
1775,10
1776,6
1777,8
1778,19
1779,0
1780,15
1781,16
1782,2
1783,2
1784,18
1785,1
1786,17
1787,8
1788,3
1789,8
1790,0
1791,8
1792,13
1793,6
1794,16
1795,15
1796,19
1797,10
1798,9
1799,9
1800,19
1801,11
1802,3
1803,16
1804,17
1805,5
1806,6
1807,8
1808,19
1809,7
1810,15
1811,19
1812,9
1813,19
1814,1
1815,5
1816,17
1817,18
1818,8
1819,19
1820,17
1821,3
1822,8
1823,7
1824,16
1825,18
1826,18
1827,1
1828,14
1829,17
1830,8
1831,2
1832,2
1833,19
1834,11
1835,18
1836,1
1837,2
1838,1
1839,5
1840,0
1841,9
1842,14
1843,8
1844,11
1845,14
1846,11
1847,15
1848,9
1849,13
1850,11
1851,2
1852,10
1853,7
1854,10
1855,14
1856,3
1857,1
1858,12
1859,10
1860,3
1861,4
1862,1
1863,5
1864,14
1865,12
1866,8
1867,11
1868,8
1869,16
1870,18
1871,2
1872,10
1873,1
1874,19
1875,17
1876,1
1877,19
1878,13
1879,3
1880,3
1881,5
1882,7
1883,5
1884,10
1885,1
1886,12
1887,6
1888,8
1889,3
1890,3
1891,4
1892,13
1893,15
1894,6
1895,7
1896,12
1897,4
1898,6
1899,14
1900,4
1901,10
1902,2
1903,3
1904,14
1905,8
1906,16
1907,5
1908,18
1909,17
1910,13
1911,18
1912,6
1913,12
1914,19
1915,4
1916,10
1917,3
1918,6
1919,18
1920,6
1921,12
1922,18
1923,16
1924,12
1925,6
1926,16
1927,8
1928,7
1929,13
1930,8
1931,3
1932,19
1933,8
1934,16
1935,2
1936,9
1937,6
1938,19
1939,0
1940,17
1941,0
1942,19
1943,10
1944,9
1945,18
1946,19
1947,5
1948,7
1949,8
1950,8
1951,12
1952,6
1953,1
1954,5
1955,9
1956,8
1957,3
1958,15
1959,10
1960,18
1961,16
1962,19
1963,7
1964,2
1965,7
1966,17
1967,16
1968,19
1969,3
1970,6
1971,7
1972,18
1973,0
1974,1
1975,5
1976,8
1977,19
1978,2
1979,8
1980,9
1981,1
1982,8
1983,10
1984,6
1985,18
1986,6
1987,2
1988,5
1989,11
1990,12
1991,13
1992,3
1993,17
1994,4
1995,16
1996,10
1997,12
1998,15
1999,11
2000,8
2001,3
2002,13
2003,15
2004,7
2005,1
2006,8
2007,6
2008,18
2009,2
2010,10
2011,13
2012,3
2013,13
2014,1
2015,1
2016,19
2017,9
2018,12
2019,16
2020,12
2021,18
2022,2
2023,18
2024,14
2025,9
2026,5
2027,3
2028,5
2029,9
2030,12
2031,14
2032,6
2033,14
2034,10
2035,0
2036,2
2037,5
2038,7
2039,2
2040,5
2041,10
2042,6
2043,8
2044,2
2045,6
2046,12
2047,0
2048,18
2049,5
2050,5
2051,0
2052,8
2053,10
2054,19
2055,19
2056,16
2057,17
2058,6
2059,6
2060,1
2061,6
2062,0
2063,11
2064,13
2065,11
2066,10
2067,17
2068,11
2069,19
2070,5
2071,3
2072,10
2073,9
2074,16
2075,16
2076,6
2077,18
2078,5
2079,8
2080,17
2081,7
2082,15
2083,16
2084,10
2085,13
2086,13
2087,8
2088,10
2089,6
2090,8
2091,11
2092,16
2093,9
2094,1
2095,5
2096,4
2097,15
2098,10
2099,0
2100,18
2101,19
2102,8
2103,14
2104,4
2105,6
2106,11
2107,18
2108,14
2109,15
2110,17
2111,14
2112,12
2113,10
2114,15
2115,6
2116,14
2117,3
2118,14
2119,15
2120,16
2121,17
2122,17
2123,3
2124,13
2125,10
2126,7
2127,2
2128,14
2129,19
2130,4
2131,12
2132,14
2133,9
2134,14
2135,2
2136,6
2137,3
2138,0
2139,2
2140,3
2141,10
2142,19
2143,10
2144,1
2145,19
2146,15
2147,6
2148,17
2149,7
2150,7
2151,18
2152,0
2153,13
2154,19
2155,3
2156,10
2157,9
2158,10
2159,16
2160,10
2161,2
2162,8
2163,7
2164,19
2165,9
2166,18
2167,5
2168,11
2169,2
2170,1
2171,11
2172,4
2173,5
2174,2
2175,14
2176,14
2177,12
2178,2
2179,9
2180,7
2181,17
2182,12
2183,19
2184,6
2185,6
2186,7
2187,0
2188,18
2189,8
2190,15
2191,8
2192,3
2193,14
2194,3
2195,5
2196,4
2197,12
2198,6
2199,5
2200,16
2201,3
2202,5
2203,0
2204,19
2205,14
2206,11
2207,7
2208,2
2209,10
2210,8
2211,5
2212,4
2213,10
2214,15
2215,14
2216,10
2217,18
2218,14
2219,5
2220,12
2221,7
2222,16
2223,17
2224,2
2225,5
2226,2
2227,7
2228,19
2229,19
2230,4
2231,19
2232,9
2233,17
2234,8
2235,13
2236,18
2237,8
2238,16
2239,8
2240,17
2241,7
2242,18
2243,12
2244,9
2245,19
2246,19
2247,17
2248,10
2249,1
2250,15
2251,9
2252,10
2253,7
2254,5
2255,4
2256,12
2257,19
2258,19
2259,10
2260,16
2261,2
2262,7
2263,10
2264,15
2265,17
2266,13
2267,3
2268,19
2269,10
2270,19
2271,16
2272,10
2273,0
2274,6
2275,10
2276,14
2277,9
2278,15
2279,14
2280,19
2281,10
2282,5
2283,18
2284,8
2285,2
2286,17
2287,14
2288,8
2289,4
2290,9
2291,2
2292,6
2293,4
2294,4
2295,2
2296,17
2297,18
2298,7
2299,2
2300,10
2301,7
2302,6
2303,17
2304,12
2305,7
2306,1
2307,12
2308,8
2309,12
2310,18
2311,6
2312,10
2313,14
2314,11
2315,17
2316,5
2317,4
2318,9
2319,15
2320,17
2321,3
2322,3
2323,19
2324,0
2325,8
2326,7
2327,8
2328,14
2329,15
2330,5
2331,8
2332,12
2333,3
2334,0
2335,15
2336,19
2337,15
2338,5
2339,4
2340,2
2341,19
2342,6
2343,17
2344,10
2345,18
2346,17
2347,18
2348,15
2349,15
2350,11
2351,8
2352,3
2353,2
2354,18
2355,19
2356,15
2357,0
2358,16
2359,11
2360,10
2361,5
2362,7
2363,11
2364,6
2365,3
2366,0
2367,7
2368,13
2369,18
2370,6
2371,3
2372,12
2373,10
2374,0
2375,0
2376,7
2377,8
2378,8
2379,1
2380,7
2381,4
2382,8
2383,15
2384,19
2385,11
2386,0
2387,0
2388,9
2389,8
2390,15
2391,15
2392,18
2393,16
2394,10
2395,1
2396,0
2397,13
2398,15
2399,4
2400,2
2401,14
2402,0
2403,6
2404,3
2405,8
2406,0
2407,0
2408,8
2409,10
2410,12
2411,18
2412,17
2413,7
2414,0
2415,7
2416,8
2417,0
2418,16
2419,2
2420,10
2421,18
2422,0
2423,19
2424,4
2425,13
2426,19
2427,4
2428,2
2429,2
2430,5
2431,10
2432,2
2433,14
2434,1
2435,7
2436,11
2437,11
2438,10
2439,7
2440,4
2441,13
2442,13
2443,8
2444,2
2445,10
2446,4
2447,10
2448,8
2449,15
2450,13
2451,8
2452,2
2453,2
2454,0
2455,8
2456,7
2457,16
2458,18
2459,7
2460,19
2461,0
2462,8
2463,10
2464,15
2465,8
2466,15
2467,13
2468,3
2469,18
2470,10
2471,8
2472,19
2473,9
2474,5
2475,14
2476,17
2477,12
2478,5
2479,17
2480,19
2481,3
2482,18
2483,18
2484,10
2485,6
2486,9
2487,0
2488,7
2489,2
2490,10
2491,17
2492,15
2493,15
2494,10
2495,19
2496,7
2497,4
2498,10
2499,18
2500,13
2501,11
2502,3
2503,9
2504,18
2505,10
2506,9
2507,6
2508,8
2509,1
2510,11
2511,6
2512,9
2513,4
2514,12
2515,18
2516,18
2517,10
2518,7
2519,15
2520,18
2521,18
2522,3
2523,0
2524,16
2525,19
2526,12
2527,12
2528,12
2529,12
2530,15
2531,15
2532,9
2533,8
2534,10
2535,16
2536,16
2537,14
2538,19
2539,13
2540,17
2541,7
2542,13
2543,11
2544,10
2545,13
2546,1
2547,7
2548,14
2549,0
2550,1
2551,6
2552,4
2553,2
2554,9
2555,9
2556,18
2557,15
2558,11
2559,8
2560,9
2561,3
2562,18
2563,16
2564,1
2565,9
2566,19
2567,10
2568,6
2569,7
2570,4
2571,18
2572,0
2573,6
2574,9
2575,5
2576,8
2577,10
2578,18
2579,17
2580,19
2581,13
2582,8
2583,2
2584,8
2585,9
2586,5
2587,14
2588,16
2589,4
2590,14
2591,9
2592,9
2593,17
2594,9
2595,0
2596,7
2597,5
2598,13
2599,5
2600,5
2601,19
2602,1
2603,7
2604,6
2605,8
2606,17
2607,18
2608,3
2609,10
2610,18
2611,8
2612,16
2613,11
2614,3
2615,6
2616,18
2617,7
2618,11
2619,4
2620,16
2621,1
2622,9
2623,12
2624,2
2625,5
2626,17
2627,16
2628,9
2629,8
2630,3
2631,17
2632,16
2633,8
2634,1
2635,18
2636,3
2637,1
2638,13
2639,3
2640,17
2641,3
2642,12
2643,5
2644,8
2645,3
2646,8
2647,8
2648,17
2649,4
2650,5
2651,0
2652,7
2653,8
2654,10
2655,9
2656,1
2657,14
2658,19
2659,3
2660,10
2661,7
2662,15
2663,10
2664,16
2665,8
2666,5
2667,8
2668,5
2669,1
2670,19
2671,12
2672,17
2673,19
2674,2
2675,11
2676,7
2677,11
2678,19
2679,4
2680,16
2681,10
2682,13
2683,9
2684,10
2685,14
2686,8
2687,18
2688,9
2689,19
2690,8
2691,17
2692,7
2693,7
2694,16
2695,10
2696,6
2697,19
2698,17
2699,12
2700,0
2701,13
2702,13
2703,8
2704,15
2705,7
2706,8
2707,17
2708,7
2709,8
2710,17
2711,16
2712,17
2713,18
2714,17
2715,2
2716,9
2717,2
2718,6
2719,10
2720,12
2721,12
2722,2
2723,11
2724,2
2725,9
2726,3
2727,10
2728,5
2729,0
2730,7
2731,18
2732,2
2733,7
2734,10
2735,1
2736,19
2737,8
2738,18
2739,16
2740,8
2741,10
2742,17
2743,16
2744,1
2745,18
2746,9
2747,9
2748,0
2749,4
2750,12
2751,9
2752,7
2753,14
2754,5
2755,8
2756,8
2757,8
2758,8
2759,12
2760,5
2761,12
2762,4
2763,10
2764,2
2765,0
2766,11
2767,3
2768,18
2769,0
2770,10
2771,18
2772,10
2773,7
2774,1
2775,15
2776,8
2777,14
2778,9
2779,10
2780,1
2781,10
2782,10
2783,17
2784,13
2785,1
2786,3
2787,12
2788,12
2789,14
2790,3
2791,10
2792,7
2793,8
2794,7
2795,8
2796,10
2797,9
2798,5
2799,17
2800,13
2801,6
2802,0
2803,16
2804,14
2805,2
2806,2
2807,10
2808,18
2809,13
2810,11
2811,18
2812,8
2813,11
2814,10
2815,17
2816,18
2817,11
2818,0
2819,18
2820,0
2821,7
2822,12
2823,19
2824,7
2825,7
2826,11
2827,18
2828,16
2829,2
2830,9
2831,11
2832,2
2833,6
2834,12
2835,17
2836,18
2837,10
2838,4
2839,17
2840,15
2841,4
2842,1
2843,12
2844,12
2845,9
2846,4
2847,4
2848,10
2849,13
2850,14
2851,4
2852,0
2853,12
2854,19
2855,12
2856,18
2857,11
2858,7
2859,0
2860,8
2861,3
2862,12
2863,2
2864,15
2865,14
2866,13
2867,6
2868,1
2869,13
2870,10
2871,18
2872,13
2873,18
2874,11
2875,5
2876,19
2877,11
2878,9
2879,9
2880,14
2881,8
2882,8
2883,18
2884,16
2885,15
2886,3
2887,12
2888,3
2889,8
2890,5
2891,14
2892,12
2893,1
2894,8
2895,6
2896,16
2897,8
2898,9
2899,16
2900,9
2901,7
2902,13
2903,13
2904,4
2905,0
2906,4
2907,17
2908,6
2909,12
2910,17
2911,19
2912,2
2913,18
2914,10
2915,7
2916,17
2917,16
2918,0
2919,16
2920,8
2921,15
2922,8
2923,10
2924,3
2925,11
2926,8
2927,19
2928,3
2929,11
2930,10
2931,13
2932,8
2933,15
2934,12
2935,8
2936,14
2937,3
2938,12
2939,12
2940,8
2941,0
2942,0
2943,8
2944,15
2945,9
2946,2
2947,9
2948,9
2949,19
2950,2
2951,4
2952,1
2953,18
2954,15
2955,18
2956,10
2957,9
2958,9
2959,2
2960,2
2961,16
2962,2
2963,6
2964,3
2965,1
2966,8
2967,2
2968,10
2969,9
2970,13
2971,3
2972,2
2973,5
2974,9
2975,0
2976,19
2977,4
2978,13
2979,3
2980,1
2981,15
2982,15
2983,9
2984,0
2985,4
2986,3
2987,8
2988,17
2989,7
2990,1
2991,18
2992,5
2993,5
2994,2
2995,8
2996,16
2997,19
2998,14
2999,14
3000,3
3001,8
3002,8
3003,4
3004,6
3005,8
3006,15
3007,16
3008,8
3009,5
3010,12
3011,8
3012,1
3013,4
3014,8
3015,6
3016,15
3017,16
3018,11
3019,11
3020,8
3021,6
3022,12
3023,19
3024,18
3025,18
3026,8
3027,10
3028,5
3029,7
3030,6
3031,15
3032,9
3033,14
3034,16
3035,18
3036,7
3037,0
3038,7
3039,6
3040,5
3041,4
3042,15
3043,8
3044,8
3045,12
3046,2
3047,10
3048,14
3049,7
3050,16
3051,19
3052,3
3053,8
3054,19
3055,11
3056,18
3057,17
3058,13
3059,5
3060,11
3061,6
3062,7
3063,18
3064,8
3065,5
3066,5
3067,15
3068,3
3069,6
3070,3
3071,18
3072,0
3073,14
3074,9
3075,3
3076,10
3077,12
3078,1
3079,13
3080,9
3081,15
3082,9
3083,3
3084,10
3085,3
3086,5
3087,19
3088,4
3089,6
3090,6
3091,11
3092,15
3093,16
3094,11
3095,7
3096,9
3097,18
3098,7
3099,16
3100,7
3101,11
3102,18
3103,5
3104,7
3105,18
3106,7
3107,6
3108,14
3109,16
3110,1
3111,19
3112,8
3113,4
3114,13
3115,18
3116,4
3117,1
3118,0
3119,12
3120,16
3121,8
3122,8
3123,0
3124,0
3125,11
3126,7
3127,19
3128,19
3129,5
3130,12
3131,4
3132,11
3133,4
3134,2
3135,6
3136,7
3137,17
3138,10
3139,11
3140,11
3141,11
3142,9
3143,17
3144,0
3145,6
3146,18
3147,14
3148,16
3149,19
3150,1
3151,14
3152,12
3153,7
3154,10
3155,13
3156,3
3157,14
3158,17
3159,19
3160,18
3161,18
3162,6
3163,10
3164,9
3165,9
3166,7
3167,16
3168,16
3169,6
3170,12
3171,14
3172,10
3173,18
3174,5
3175,16
3176,7
3177,19
3178,14
3179,6
3180,6
3181,10
3182,13
3183,6
3184,4
3185,2
3186,11
3187,16
3188,9
3189,16
3190,18
3191,6
3192,2
3193,8
3194,18
3195,3
3196,10
3197,7
3198,0
3199,0
3200,4
3201,17
3202,10
3203,15
3204,5
3205,8
3206,2
3207,2
3208,14
3209,14
3210,9
3211,0
3212,18
3213,14
3214,18
3215,0
3216,5
3217,19
3218,6
3219,10
3220,17
3221,14
3222,0
3223,10
3224,4
3225,16
3226,9
3227,19
3228,8
3229,10
3230,15
3231,11
3232,9
3233,10
3234,10
3235,17
3236,3
3237,7
3238,10
3239,3
3240,17
3241,15
3242,4
3243,10
3244,8
3245,18
3246,4
3247,0
3248,2
3249,0
3250,13
3251,1
3252,9
3253,0
3254,6
3255,6
3256,19
3257,10
3258,12
3259,16
3260,14
3261,3
3262,18
3263,0
3264,17
3265,0
3266,18
3267,4
3268,16
3269,10
3270,11
3271,0
3272,8
3273,11
3274,15
3275,8
3276,8
3277,18
3278,1
3279,12
3280,3
3281,7
3282,12
3283,1
3284,13
3285,11
3286,2
3287,5
3288,0
3289,16
3290,1
3291,8
3292,17
3293,0
3294,14
3295,16
3296,6
3297,0
3298,5
3299,2
3300,11
3301,4
3302,1
3303,19
3304,7
3305,4
3306,2
3307,6
3308,11
3309,12
3310,2
3311,12
3312,3
3313,9
3314,3
3315,7
3316,9
3317,8
3318,8
3319,18
3320,11
3321,10
3322,17
3323,16
3324,9
3325,12
3326,12
3327,17
3328,10
3329,3
3330,11
3331,18
3332,5
3333,1
3334,18
3335,14
3336,11
3337,14
3338,19
3339,5
3340,6
3341,10
3342,1
3343,9
3344,16
3345,4
3346,8
3347,6
3348,1
3349,4
3350,15
3351,10
3352,16
3353,0
3354,9
3355,6
3356,8
3357,7
3358,2
3359,17
3360,17
3361,9
3362,16
3363,11
3364,7
3365,5
3366,14
3367,17
3368,16
3369,11
3370,13
3371,16
3372,19
3373,0
3374,0
3375,15
3376,8
3377,19
3378,0
3379,9
3380,16
3381,2
3382,2
3383,19
3384,17
3385,15
3386,8
3387,0
3388,16
3389,10
3390,0
3391,18
3392,14
3393,13
3394,2
3395,18
3396,13
3397,6
3398,9
3399,18
3400,15
3401,2
3402,0
3403,2
3404,16
3405,2
3406,11
3407,6
3408,7
3409,14
3410,19
3411,17
3412,9
3413,18
3414,12
3415,8
3416,4
3417,0
3418,1
3419,8
3420,4
3421,4
3422,15
3423,3
3424,0
3425,18
3426,0
3427,1
3428,0
3429,18
3430,8
3431,5
3432,13
3433,14
3434,14
3435,6
3436,11
3437,8
3438,8
3439,18
3440,6
3441,4
3442,2
3443,13
3444,12
3445,18
3446,9
3447,4
3448,18
3449,13
3450,13
3451,11
3452,13
3453,4
3454,16
3455,4
3456,10
3457,6
3458,10
3459,12
3460,3
3461,14
3462,10
3463,8
3464,6
3465,7
3466,7
3467,3
3468,3
3469,18
3470,7
3471,4
3472,13
3473,5
3474,12
3475,9
3476,11
3477,6
3478,17
3479,3
3480,18
3481,5
3482,8
3483,19
3484,12
3485,8
3486,8
3487,16
3488,16
3489,5
3490,0
3491,6
3492,16
3493,12
3494,17
3495,8
3496,12
3497,11
3498,0
3499,9
3500,19
3501,18
3502,3
3503,4
3504,17
3505,11
3506,8
3507,19
3508,3
3509,11
3510,11
3511,0
3512,3
3513,7
3514,7
3515,3
3516,16
3517,0
3518,18
3519,17
3520,10
3521,6
3522,0
3523,19
3524,16
3525,4
3526,6
3527,8
3528,14
3529,4
3530,12
3531,3
3532,6
3533,15
3534,5
3535,14
3536,17
3537,8
3538,17
3539,7
3540,4
3541,2
3542,14
3543,10
3544,8
3545,11
3546,2
3547,18
3548,15
3549,6
3550,5
3551,1
3552,7
3553,18
3554,17
3555,15
3556,11
3557,16
3558,16
3559,17
3560,10
3561,9
3562,11
3563,4
3564,8
3565,1
3566,4
3567,9
3568,2
3569,12
3570,13
3571,7
3572,19
3573,6
3574,18
3575,14
3576,13
3577,6
3578,1
3579,12
3580,7
3581,8
3582,2
3583,3
3584,2
3585,4
3586,14
3587,18
3588,8
3589,0
3590,17
3591,8
3592,17
3593,19
3594,9
3595,1
3596,14
3597,2
3598,2
3599,2
3600,8
3601,1
3602,19
3603,3
3604,10
3605,15
3606,0
3607,7
3608,12
3609,10
3610,16
3611,4
3612,8
3613,0
3614,13
3615,4
3616,3
3617,10
3618,12
3619,17
3620,9
3621,13
3622,4
3623,14
3624,1
3625,2
3626,19
3627,18
3628,7
3629,18
3630,0
3631,12
3632,13
3633,1
3634,4
3635,11
3636,18
3637,0
3638,13
3639,19
3640,6
3641,0
3642,7
3643,8
3644,1
3645,10
3646,15
3647,11
3648,19
3649,0
3650,4
3651,12
3652,6
3653,17
3654,9
3655,2
3656,17
3657,18
3658,13
3659,10
3660,16
3661,3
3662,2
3663,2
3664,14
3665,19
3666,13
3667,0
3668,16
3669,18
3670,13
3671,3
3672,14
3673,16
3674,18
3675,6
3676,18
3677,10
3678,2
3679,0
3680,3
3681,0
3682,17
3683,0
3684,7
3685,17
3686,1
3687,17
3688,9
3689,15
3690,14
3691,15
3692,10
3693,16
3694,8
3695,7
3696,2
3697,11
3698,12
3699,17
3700,8
3701,6
3702,15
3703,16
3704,18
3705,4
3706,10
3707,6
3708,17
3709,10
3710,5
3711,18
3712,6
3713,19
3714,0
3715,1
3716,3
3717,8
3718,11
3719,8
3720,1
3721,8
3722,4
3723,18
3724,13
3725,0
3726,6
3727,10
3728,16
3729,10
3730,4
3731,9
3732,3
3733,5
3734,1
3735,14
3736,18
3737,7
3738,11
3739,16
3740,0
3741,0
3742,12
3743,19
3744,3
3745,7
3746,2
3747,11
3748,8
3749,8
3750,18
3751,3
3752,4
3753,13
3754,8
3755,9
3756,5
3757,2
3758,16
3759,19
3760,1
3761,6
3762,2
3763,18
3764,7
3765,12
3766,8
3767,17
3768,17
3769,16
3770,11
3771,7
3772,6
3773,7
3774,16
3775,17
3776,8
3777,14
3778,7
3779,18
3780,11
3781,10
3782,18
3783,12
3784,7
3785,10
3786,10
3787,1
3788,19
3789,16
3790,6
3791,18
3792,6
3793,19
3794,17
3795,0
3796,17
3797,14
3798,19
3799,10
3800,1
3801,2
3802,17
3803,6
3804,2
3805,4
3806,2
3807,16
3808,6
3809,10
3810,4
3811,7
3812,19
3813,1
3814,18
3815,9
3816,2
3817,8
3818,1
3819,6
3820,16
3821,16
3822,0
3823,0
3824,8
3825,19
3826,12
3827,18
3828,13
3829,10
3830,9
3831,9
3832,15
3833,0
3834,15
3835,8
3836,8
3837,0
3838,8
3839,3
3840,12
3841,0
3842,19
3843,16
3844,4
3845,5
3846,1
3847,16
3848,4
3849,16
3850,0
3851,9
3852,8
3853,6
3854,18
3855,17
3856,12
3857,15
3858,5
3859,3
3860,18
3861,3
3862,10
3863,1
3864,11
3865,0
3866,3
3867,9
3868,19
3869,16
3870,19
3871,7
3872,15
3873,6
3874,6
3875,17
3876,6
3877,18
3878,13
3879,12
3880,4
3881,14
3882,18
3883,12
3884,16
3885,13
3886,4
3887,16
3888,15
3889,0
3890,1
3891,8
3892,14
3893,9
3894,13
3895,15
3896,7
3897,0
3898,5
3899,11
3900,5
3901,18
3902,7
3903,10
3904,7
3905,8
3906,13
3907,8
3908,7
3909,1
3910,0
3911,15
3912,5
3913,11
3914,8
3915,2
3916,8
3917,6
3918,6
3919,17
3920,18
3921,16
3922,10
3923,7
3924,13
3925,13
3926,3
3927,12
3928,8
3929,6
3930,10
3931,8
3932,17
3933,8
3934,6
3935,9
3936,7
3937,10
3938,7
3939,2
3940,7
3941,7
3942,0
3943,0
3944,0
3945,17
3946,18
3947,14
3948,2
3949,7
3950,9
3951,17
3952,16
3953,1
3954,17
3955,18
3956,0
3957,8
3958,18
3959,7
3960,9
3961,7
3962,5
3963,5
3964,14
3965,4
3966,14
3967,3
3968,8
3969,12
3970,7
3971,5
3972,13
3973,2
3974,11
3975,0
3976,15
3977,10
3978,15
3979,16
3980,7
3981,1
3982,9
3983,0
3984,14
3985,9
3986,15
3987,19
3988,3
3989,11
3990,11
3991,9
3992,4
3993,0
3994,8
3995,17
3996,13
3997,10
3998,16
3999,1
4000,18
4001,13
4002,18
4003,3
4004,18
4005,15
4006,3
4007,4
4008,0
4009,2
4010,13
4011,19
4012,8
4013,16
4014,10
4015,8
4016,16
4017,2
4018,7
4019,14
4020,2
4021,8
4022,10
4023,3
4024,0
4025,14
4026,2
4027,7
4028,11
4029,15
4030,8
4031,12
4032,17
4033,15
4034,11
4035,18
4036,19
4037,3
4038,2
4039,7
4040,0
4041,4
4042,11
4043,13
4044,15
4045,5
4046,8
4047,1
4048,17
4049,3
4050,11
4051,9
4052,17
4053,2
4054,1
4055,5
4056,15
4057,8
4058,17
4059,19
4060,18
4061,10
4062,2
4063,9
4064,1
4065,18
4066,13
4067,6
4068,19
4069,13
4070,10
4071,4
4072,2
4073,12
4074,2
4075,7
4076,13
4077,4
4078,9
4079,13
4080,12
4081,4
4082,14
4083,4
4084,7
4085,1
4086,17
4087,6
4088,3
4089,0
4090,11
4091,6
4092,9
4093,9
4094,0
4095,2
4096,2
4097,0
4098,18
4099,1
4100,16
4101,17
4102,11
4103,8
4104,1
4105,10
4106,3
4107,4
4108,17
4109,19
4110,14
4111,10
4112,7
4113,6
4114,7
4115,10
4116,19
4117,2
4118,1
4119,16
4120,8
4121,13
4122,4
4123,7
4124,16
4125,4
4126,9
4127,7
4128,19
4129,19
4130,9
4131,0
4132,19
4133,8
4134,19
4135,2
4136,18
4137,4
4138,12
4139,0
4140,0
4141,2
4142,2
4143,2
4144,7
4145,7
4146,12
4147,1
4148,17
4149,18
4150,10
4151,15
4152,0
4153,11
4154,7
4155,17
4156,18
4157,0
4158,12
4159,11
4160,13
4161,8
4162,1
4163,11
4164,15
4165,16
4166,15
4167,5
4168,9
4169,6
4170,10
4171,16
4172,13
4173,18
4174,9
4175,7
4176,8
4177,18
4178,14
4179,7
4180,7
4181,19
4182,7
4183,2
4184,10
4185,7
4186,12
4187,19
4188,4
4189,19
4190,8
4191,2
4192,1
4193,2
4194,6
4195,8
4196,4
4197,10
4198,18
4199,0
4200,6
4201,3
4202,18
4203,18
4204,15
4205,16
4206,2
4207,16
4208,5
4209,0
4210,18
4211,3
4212,14
4213,2
4214,7
4215,3
4216,9
4217,0
4218,14
4219,10
4220,3
4221,0
4222,12
4223,14
4224,19
4225,3
4226,8
4227,17
4228,11
4229,8
4230,18
4231,8
4232,19
4233,18
4234,0
4235,6
4236,18
4237,4
4238,17
4239,9
4240,19
4241,3
4242,11
4243,8
4244,15
4245,5
4246,10
4247,17
4248,8
4249,3
4250,13
4251,19
4252,3
4253,17
4254,5
4255,19
4256,19
4257,13
4258,16
4259,7
4260,0
4261,16
4262,13
4263,3
4264,19
4265,18
4266,14
4267,19
4268,8
4269,0
4270,11
4271,13
4272,11
4273,17
4274,10
4275,17
4276,2
4277,2
4278,16
4279,0
4280,0
4281,2
4282,11
4283,15
4284,6
4285,14
4286,3
4287,2
4288,4
4289,12
4290,17
4291,0
4292,13
4293,19
4294,9
4295,18
4296,8
4297,12
4298,12
4299,6
4300,16
4301,13
4302,15
4303,10
4304,0
4305,6
4306,9
4307,1
4308,7
4309,13
4310,8
4311,19
4312,8
4313,8
4314,11
4315,9
4316,3
4317,11
4318,3
4319,8
4320,3
4321,14
4322,10
4323,1
4324,10
4325,12
4326,5
4327,4
4328,11
4329,7
4330,19
4331,12
4332,11
4333,13
4334,15
4335,13
4336,7
4337,15
4338,10
4339,10
4340,18
4341,6
4342,18
4343,2
4344,0
4345,16
4346,16
4347,17
4348,16
4349,17
4350,15
4351,12
4352,13
4353,17
4354,14
4355,3
4356,17
4357,3
4358,0
4359,19
4360,0
4361,5
4362,12
4363,17
4364,3
4365,12
4366,16
4367,8
4368,18
4369,6
4370,18
4371,19
4372,0
4373,17
4374,16
4375,16
4376,10
4377,15
4378,18
4379,9
4380,12
4381,6
4382,7
4383,3
4384,5
4385,6
4386,0
4387,17
4388,2
4389,15
4390,7
4391,12
4392,3
4393,13
4394,13
4395,10
4396,8
4397,3
4398,10
4399,16
4400,16
4401,5
4402,11
4403,10
4404,15
4405,8
4406,14
4407,9
4408,5
4409,19
4410,2
4411,3
4412,8
4413,15
4414,6
4415,11
4416,2
4417,8
4418,15
4419,8
4420,9
4421,16
4422,12
4423,0
4424,3
4425,18
4426,14
4427,12
4428,9
4429,8
4430,18
4431,1
4432,17
4433,19
4434,1
4435,8
4436,17
4437,19
4438,18
4439,12
4440,4
4441,16
4442,12
4443,13
4444,4
4445,2
4446,10
4447,12
4448,5
4449,10
4450,9
4451,3
4452,3
4453,10
4454,19
4455,10
4456,9
4457,16
4458,10
4459,3
4460,12
4461,17
4462,14
4463,8
4464,2
4465,7
4466,10
4467,9
4468,11
4469,6
4470,18
4471,5
4472,14
4473,1
4474,4
4475,7
4476,7
4477,16
4478,11
4479,4
4480,0
4481,17
4482,8
4483,1
4484,11
4485,10
4486,1
4487,2
4488,8
4489,19
4490,9
4491,7
4492,5
4493,7
4494,4
4495,1
4496,7
4497,10
4498,6
4499,15
4500,12
4501,1
4502,9
4503,8
4504,6
4505,16
4506,1
4507,17
4508,0
4509,6
4510,0
4511,9
4512,2
4513,18
4514,8
4515,17
4516,16
4517,0
4518,16
4519,18
4520,9
4521,15
4522,3
4523,5
4524,6
4525,12
4526,8
4527,9
4528,19
4529,0
4530,7
4531,5
4532,1
4533,1
4534,13
4535,11
4536,19
4537,19
4538,12
4539,4
4540,8
4541,14
4542,3
4543,11
4544,8
4545,3
4546,8
4547,8
4548,7
4549,14
4550,15
4551,3
4552,10
4553,17
4554,12
4555,9
4556,18
4557,9
4558,17
4559,7
4560,17
4561,12
4562,17
4563,11
4564,10
4565,5
4566,8
4567,3
4568,7
4569,14
4570,12
4571,15
4572,10
4573,8
4574,4
4575,14
4576,6
4577,9
4578,4
4579,12
4580,4
4581,2
4582,6
4583,2
4584,1
4585,6
4586,17
4587,17
4588,3
4589,8
4590,9
4591,10
4592,14
4593,4
4594,4
4595,2
4596,3
4597,8
4598,19
4599,15
4600,10
4601,17
4602,10
4603,13
4604,19
4605,2
4606,8
4607,7
4608,2
4609,7
4610,7
4611,16
4612,4
4613,0
4614,16
4615,17
4616,8
4617,2
4618,5
4619,1
4620,19
4621,16
4622,0
4623,14
4624,4
4625,15
4626,8
4627,3
4628,2
4629,14
4630,5
4631,12
4632,0
4633,0
4634,0
4635,2
4636,12
4637,0
4638,13
4639,1
4640,12
4641,6
4642,18
4643,17
4644,14
4645,19
4646,17
4647,13
4648,9
4649,19
4650,10
4651,18
4652,5
4653,6
4654,16
4655,9
4656,13
4657,6
4658,8
4659,3
4660,19
4661,18
4662,9
4663,15
4664,9
4665,13
4666,8
4667,2
4668,17
4669,16
4670,3
4671,10
4672,15
4673,6
4674,2
4675,7
4676,18
4677,9
4678,8
4679,17
4680,7
4681,15
4682,8
4683,9
4684,15
4685,6
4686,17
4687,6
4688,3
4689,3
4690,15
4691,7
4692,18
4693,0
4694,14
4695,9
4696,4
4697,8
4698,12
4699,18
4700,0
4701,10
4702,9
4703,16
4704,2
4705,12
4706,19
4707,2
4708,7
4709,1
4710,3
4711,9
4712,17
4713,6
4714,16
4715,3
4716,3
4717,7
4718,8
4719,3
4720,19
4721,18
4722,18
4723,11
4724,10
4725,3
4726,9
4727,15
4728,1
4729,19
4730,5
4731,0
4732,14
4733,16
4734,13
4735,19
4736,2
4737,8
4738,1
4739,5
4740,2
4741,15
4742,17
4743,10
4744,2
4745,9
4746,3
4747,16
4748,0
4749,13
4750,11
4751,1
4752,9
4753,0
4754,0
4755,10
4756,5
4757,17
4758,7
4759,1
4760,14
4761,2
4762,2
4763,18
4764,10
4765,6
4766,3
4767,12
4768,0
4769,13
4770,19
4771,14
4772,12
4773,0
4774,16
4775,6
4776,17
4777,2
4778,11
4779,8
4780,10
4781,0
4782,10
4783,19
4784,3
4785,8
4786,19
4787,10
4788,0
4789,7
4790,0
4791,7
4792,10
4793,3
4794,15
4795,18
4796,10
4797,7
4798,6
4799,0
4800,2
4801,3
4802,7
4803,18
4804,18
4805,6
4806,10
4807,14
4808,18
4809,10
4810,8
4811,6
4812,10
4813,0
4814,6
4815,3
4816,16
4817,8
4818,14
4819,4
4820,12
4821,14
4822,1
4823,18
4824,1
4825,1
4826,6
4827,10
4828,19
4829,6
4830,6
4831,1
4832,1
4833,14
4834,9
4835,19
4836,2
4837,14
4838,1
4839,17
4840,2
4841,1
4842,13
4843,2
4844,18
4845,4
4846,12
4847,12
4848,17
4849,10
4850,12
4851,2
4852,10
4853,19
4854,7
4855,8
4856,19
4857,18
4858,2
4859,16
4860,8
4861,6
4862,19
4863,19
4864,12
4865,19
4866,4
4867,11
4868,15
4869,8
4870,9
4871,17
4872,0
4873,9
4874,16
4875,5
4876,4
4877,0
4878,9
4879,1
4880,10
4881,10
4882,8
4883,16
4884,14
4885,15
4886,3
4887,8
4888,14
4889,19
4890,15
4891,14
4892,0
4893,7
4894,2
4895,3
4896,3
4897,10
4898,19
4899,8
4900,18
4901,14
4902,8
4903,9
4904,8
4905,18
4906,14
4907,16
4908,11
4909,2
4910,15
4911,3
4912,10
4913,6
4914,16
4915,16
4916,18
4917,17
4918,12
4919,15
4920,17
4921,0
4922,14
4923,3
4924,12
4925,3
4926,2
4927,4
4928,9
4929,7
4930,18
4931,5
4932,16
4933,3
4934,6
4935,2
4936,6
4937,7
4938,1
4939,11
4940,9
4941,4
4942,0
4943,3
4944,4
4945,9
4946,11
4947,17
4948,19
4949,19
4950,4
4951,9
4952,9
4953,0
4954,2
4955,8
4956,14
4957,4
4958,2
4959,18
4960,16
4961,9
4962,16
4963,14
4964,8
4965,11
4966,1
4967,1
4968,18
4969,18
4970,12
4971,17
4972,7
4973,10
4974,15
4975,2
4976,18
4977,4
4978,5
4979,3
4980,17
4981,12
4982,4
4983,9
4984,1
4985,8
4986,6
4987,16
4988,4
4989,9
4990,5
4991,8
4992,13
4993,6
4994,17
4995,5
4996,8
4997,1
4998,0
4999,4
5000,10
5001,0
5002,18
5003,6
5004,9
5005,16
5006,18
5007,5
5008,7
5009,2
5010,7
5011,10
5012,15
5013,3
5014,3
5015,16
5016,7
5017,6
5018,9
5019,10
5020,8
5021,17
5022,9
5023,16
5024,7
5025,1
5026,11
5027,10
5028,10
5029,12
5030,16
5031,2
5032,18
5033,2
5034,14
5035,19
5036,2
5037,11
5038,12
5039,9
5040,15
5041,10
5042,11
5043,5
5044,19
5045,14
5046,10
5047,3
5048,11
5049,3
5050,7
5051,12
5052,10
5053,2
5054,10
5055,6
5056,18
5057,13
5058,10
5059,1
5060,0
5061,10
5062,10
5063,18
5064,16
5065,14
5066,15
5067,1
5068,16
5069,18
5070,15
5071,18
5072,11
5073,15
5074,3
5075,3
5076,19
5077,5
5078,10
5079,17
5080,10
5081,14
5082,15
5083,19
5084,15
5085,4
5086,0
5087,9
5088,12
5089,3
5090,17
5091,12
5092,17
5093,12
5094,19
5095,18
5096,0
5097,14
5098,10
5099,5
5100,6
5101,10
5102,7
5103,10
5104,19
5105,13
5106,16
5107,17
5108,17
5109,10
5110,9
5111,11
5112,8
5113,19
5114,5
5115,3
5116,6
5117,14
5118,13
5119,8
5120,19
5121,8
5122,7
5123,0
5124,4
5125,5
5126,9
5127,0
5128,7
5129,1
5130,7
5131,11
5132,3
5133,5
5134,16
5135,16
5136,12
5137,0
5138,16
5139,11
5140,16
5141,17
5142,8
5143,17
5144,15
5145,17
5146,13
5147,19
5148,11
5149,9
5150,9
5151,16
5152,14
5153,18
5154,13
5155,6
5156,13
5157,10
5158,16
5159,6
5160,19
5161,4
5162,0
5163,17
5164,14
5165,8
5166,3
5167,9
5168,18
5169,2
5170,1
5171,8
5172,11
5173,16
5174,11
5175,14
5176,13
5177,1
5178,12
5179,13
5180,9
5181,3
5182,18
5183,6
5184,2
5185,4
5186,7
5187,7
5188,16
5189,14
5190,8
5191,18
5192,10
5193,1
5194,16
5195,10
5196,18
5197,12
5198,7
5199,16
5200,0
5201,18
5202,14
5203,11
5204,4
5205,5
5206,16
5207,18
5208,11
5209,7
5210,10
5211,14
5212,16
5213,4
5214,3
5215,8
5216,14
5217,11
5218,19
5219,12
5220,9
5221,8
5222,18
5223,5
5224,18
5225,9
5226,9
5227,16
5228,10
5229,0
5230,3
5231,6
5232,13
5233,17
5234,2
5235,14
5236,19
5237,8
5238,4
5239,2
5240,8
5241,8
5242,4
5243,4
5244,8
5245,10
5246,11
5247,9
5248,15
5249,16
5250,10
5251,7
5252,11
5253,18
5254,14
5255,13
5256,16
5257,4
5258,16
5259,17
5260,9
5261,7
5262,17
5263,6
5264,5
5265,10
5266,18
5267,19
5268,6
5269,19
5270,15
5271,10
5272,12
5273,14
5274,0
5275,15
5276,13
5277,9
5278,0
5279,6
5280,12
5281,14
5282,1
5283,19
5284,6
5285,8
5286,19
5287,13
5288,12
5289,19
5290,3
5291,5
5292,11
5293,0
5294,19
5295,17
5296,17
5297,6
5298,18
5299,0
5300,10
5301,14
5302,4
5303,14
5304,17
5305,8
5306,15
5307,16
5308,14
5309,0
5310,2
5311,14
5312,6
5313,7
5314,7
5315,15
5316,17
5317,9
5318,7
5319,15
5320,0
5321,8
5322,7
5323,0
5324,11
5325,19
5326,1
5327,17
5328,9
5329,4
5330,1
5331,8
5332,19
5333,5
5334,8
5335,5
5336,6
5337,4
5338,0
5339,14
5340,1
5341,6
5342,6
5343,8
5344,17
5345,7
5346,18
5347,2
5348,13
5349,10
5350,18
5351,0
5352,10
5353,9
5354,13
5355,8
5356,8
5357,10
5358,18
5359,7
5360,19
5361,8
5362,19
5363,14
5364,10
5365,13
5366,1
5367,16
5368,5
5369,18
5370,14
5371,9
5372,18
5373,15
5374,19
5375,7
5376,7
5377,18
5378,12
5379,8
5380,6
5381,17
5382,4
5383,19
5384,6
5385,1
5386,3
5387,10
5388,12
5389,7
5390,8
5391,4
5392,7
5393,17
5394,16
5395,11
5396,2
5397,3
5398,12
5399,8
5400,16
5401,8
5402,5
5403,4
5404,16
5405,0
5406,12
5407,11
5408,3
5409,1
5410,4
5411,11
5412,4
5413,3
5414,12
5415,16
5416,19
5417,2
5418,15
5419,1
5420,16
5421,5
5422,10
5423,9
5424,2
5425,15
5426,12
5427,16
5428,2
5429,0
5430,12
5431,12
5432,8
5433,13
5434,14
5435,11
5436,9
5437,8
5438,17
5439,11
5440,17
5441,14
5442,17
5443,8
5444,15
5445,15
5446,3
5447,8
5448,0
5449,19
5450,7
5451,2
5452,12
5453,6
5454,17
5455,19
5456,13
5457,13
5458,2
5459,9
5460,3
5461,8
5462,3
5463,3
5464,12
5465,2
5466,3
5467,11
5468,12
5469,1
5470,4
5471,17
5472,2
5473,18
5474,2
5475,13
5476,10
5477,8
5478,0
5479,7
5480,6
5481,17
5482,6
5483,14
5484,11
5485,8
5486,17
5487,7
5488,14
5489,3
5490,17
5491,14
5492,12
5493,7
5494,1
5495,18
5496,14
5497,11
5498,9
5499,14
5500,5
5501,19
5502,2
5503,8
5504,8
5505,6
5506,8
5507,1
5508,11
5509,15
5510,11
5511,8
5512,18
5513,17
5514,12
5515,14
5516,2
5517,0
5518,10
5519,8
5520,2
5521,11
5522,14
5523,1
5524,19
5525,2
5526,8
5527,7
5528,8
5529,19
5530,16
5531,10
5532,4
5533,9
5534,11
5535,1
5536,16
5537,19
5538,3
5539,16
5540,12
5541,11
5542,10
5543,1
5544,13
5545,13
5546,6
5547,10
5548,2
5549,6
5550,2
5551,7
5552,11
5553,9
5554,7
5555,11
5556,11
5557,6
5558,5
5559,7
5560,10
5561,3
5562,14
5563,5
5564,6
5565,0
5566,12
5567,9
5568,7
5569,6
5570,4
5571,11
5572,8
5573,3
5574,16
5575,17
5576,17
5577,8
5578,14
5579,7
5580,18
5581,10
5582,18
5583,17
5584,13
5585,11
5586,9
5587,19
5588,17
5589,19
5590,0
5591,4
5592,7
5593,3
5594,19
5595,9
5596,1
5597,19
5598,9
5599,2
5600,9
5601,2
5602,2
5603,19
5604,16
5605,8
5606,2
5607,3
5608,11
5609,6
5610,18
5611,15
5612,2
5613,2
5614,0
5615,6
5616,9
5617,4
5618,2
5619,16
5620,7
5621,4
5622,17
5623,4
5624,10
5625,10
5626,4
5627,15
5628,6
5629,10
5630,10
5631,1
5632,7
5633,12
5634,12
5635,19
5636,12
5637,6
5638,6
5639,9
5640,12
5641,16
5642,10
5643,18
5644,1
5645,11
5646,16
5647,14
5648,14
5649,10
5650,17
5651,10
5652,14
5653,7
5654,4
5655,16
5656,6
5657,4
5658,10
5659,15
5660,8
5661,6
5662,15
5663,7
5664,14
5665,16
5666,1
5667,8
5668,7
5669,19
5670,14
5671,6
5672,16
5673,10
5674,2
5675,16
5676,2
5677,13
5678,17
5679,7
5680,11
5681,16
5682,10
5683,17
5684,19
5685,9
5686,19
5687,16
5688,6
5689,1
5690,15
5691,9
5692,10
5693,2
5694,19
5695,3
5696,1
5697,12
5698,10
5699,0
5700,4
5701,12
5702,18
5703,9
5704,4
5705,5
5706,9
5707,3
5708,3
5709,8
5710,7
5711,4
5712,17
5713,16
5714,19
5715,3
5716,8
5717,3
5718,7
5719,6
5720,19
5721,5
5722,0
5723,14
5724,17
5725,2
5726,0
5727,11
5728,8
5729,9
5730,8
5731,4
5732,6
5733,11
5734,7
5735,13
5736,14
5737,10
5738,7
5739,9
5740,5
5741,9
5742,10
5743,12
5744,8
5745,14
5746,18
5747,2
5748,11
5749,0
5750,6
5751,18
5752,1
5753,8
5754,0
5755,3
5756,7
5757,0
5758,6
5759,13
5760,4
5761,10
5762,4
5763,17
5764,4
5765,6
5766,9
5767,1
5768,2
5769,19
5770,6
5771,0
5772,0
5773,0
5774,15
5775,14
5776,7
5777,18
5778,4
5779,16
5780,2
5781,8
5782,16
5783,4
5784,19
5785,15
5786,18
5787,9
5788,19
5789,14
5790,13
5791,4
5792,9
5793,5
5794,18
5795,16
5796,1
5797,13
5798,12
5799,7
5800,12
5801,1
5802,3
5803,4
5804,19
5805,16
5806,9
5807,9
5808,6
5809,4
5810,13
5811,1
5812,1
5813,14
5814,0
5815,16
5816,12
5817,4
5818,10
5819,18
5820,6
5821,7
5822,19
5823,4
5824,17
5825,2
5826,9
5827,12
5828,13
5829,13
5830,5
5831,19
5832,5
5833,12
5834,18
5835,16
5836,0
5837,6
5838,13
5839,17
5840,15
5841,9
5842,0
5843,16
5844,7
5845,6
5846,7
5847,19
5848,14
5849,10
5850,13
5851,8
5852,14
5853,12
5854,10
5855,3
5856,12
5857,5
5858,12
5859,3
5860,19
5861,19
5862,16
5863,18
5864,17
5865,2
5866,1
5867,10
5868,7
5869,4
5870,6
5871,9
5872,2
5873,16
5874,14
5875,8
5876,9
5877,16
5878,12
5879,7
5880,12
5881,2
5882,1
5883,14
5884,9
5885,17
5886,17
5887,5
5888,17
5889,14
5890,10
5891,14
5892,7
5893,18
5894,0
5895,7
5896,8
5897,12
5898,0
5899,10
5900,8
5901,17
5902,15
5903,10
5904,10
5905,5
5906,5
5907,9
5908,2
5909,14
5910,5
5911,17
5912,19
5913,10
5914,0
5915,14
5916,15
5917,12
5918,13
5919,6
5920,14
5921,10
5922,14
5923,13
5924,13
5925,9
5926,6
5927,3
5928,2
5929,9
5930,2
5931,14
5932,6
5933,6
5934,15
5935,2
5936,7
5937,11
5938,3
5939,8
5940,7
5941,18
5942,10
5943,17
5944,10
5945,8
5946,10
5947,2
5948,2
5949,11
5950,19
5951,11
5952,19
5953,12
5954,18
5955,8
5956,14
5957,2
5958,4
5959,8
5960,3
5961,2
5962,19
5963,10
5964,0
5965,7
5966,9
5967,19
5968,13
5969,2
5970,15
5971,18
5972,16
5973,13
5974,19
5975,12
5976,17
5977,4
5978,4
5979,12
5980,19
5981,14
5982,8
5983,6
5984,19
5985,9
5986,7
5987,3
5988,17
5989,7
5990,5
5991,19
5992,3
5993,13
5994,4
5995,14
5996,3
5997,17
5998,8
5999,9
6000,2
6001,9
6002,14
6003,9
6004,11
6005,15
6006,3
6007,8
6008,18
6009,13
6010,2
6011,14
6012,2
6013,10
6014,1
6015,19
6016,8
6017,9
6018,9
6019,6
6020,9
6021,17
6022,11
6023,7
6024,14
6025,5
6026,16
6027,15
6028,3
6029,17
6030,19
6031,1
6032,14
6033,5
6034,3
6035,7
6036,18
6037,13
6038,9
6039,6
6040,19
6041,5
6042,19
6043,11
6044,8
6045,3
6046,7
6047,19
6048,15
6049,4
6050,0
6051,6
6052,19
6053,13
6054,15
6055,9
6056,8
6057,11
6058,18
6059,5
6060,12
6061,8
6062,17
6063,13
6064,3
6065,10
6066,17
6067,9
6068,19
6069,18
6070,17
6071,13
6072,2
6073,17
6074,17
6075,9
6076,17
6077,9
6078,9
6079,14
6080,16
6081,18
6082,1
6083,10
6084,2
6085,11
6086,19
6087,19
6088,18
6089,16
6090,15
6091,0
6092,18
6093,9
6094,16
6095,15
6096,11
6097,5
6098,3
6099,10
6100,8
6101,14
6102,19
6103,8
6104,18
6105,16
6106,0
6107,6
6108,4
6109,8
6110,3
6111,14
6112,1
6113,10
6114,3
6115,17
6116,16
6117,17
6118,19
6119,8
6120,19
6121,16
6122,4
6123,1
6124,11
6125,8
6126,7
6127,2
6128,1
6129,9
6130,10
6131,15
6132,16
6133,15
6134,19
6135,16
6136,19
6137,13
6138,6
6139,2
6140,5
6141,1
6142,19
6143,8
6144,8
6145,7
6146,4
6147,6
6148,18
6149,19
6150,0
6151,7
6152,3
6153,18
6154,15
6155,14
6156,17
6157,3
6158,15
6159,17
6160,19
6161,9
6162,8
6163,9
6164,11
6165,3
6166,6
6167,17
6168,14
6169,12
6170,2
6171,11
6172,13
6173,6
6174,14
6175,14
6176,18
6177,12
6178,17
6179,17
6180,1
6181,6
6182,15
6183,2
6184,17
6185,9
6186,0
6187,9
6188,6
6189,16
6190,14
6191,9
6192,3
6193,0
6194,3
6195,14
6196,3
6197,5
6198,7
6199,0
6200,5
6201,12
6202,16
6203,15
6204,18
6205,4
6206,16
6207,6
6208,14
6209,0
6210,8
6211,6
6212,2
6213,17
6214,8
6215,11
6216,8
6217,12
6218,14
6219,8
6220,1
6221,7
6222,12
6223,14
6224,7
6225,13
6226,0
6227,5
6228,9
6229,12
6230,19
6231,10
6232,18
6233,16
6234,5
6235,9
6236,14
6237,13
6238,11
6239,0
6240,13
6241,5
6242,17
6243,6
6244,7
6245,8
6246,18
6247,10
6248,7
6249,0
6250,3
6251,10
6252,2
6253,9
6254,16
6255,15
6256,2
6257,1
6258,2
6259,0
6260,2
6261,17
6262,7
6263,8
6264,4
6265,3
6266,0
6267,16
6268,7
6269,15
6270,18
6271,19
6272,3
6273,16
6274,2
6275,14
6276,3
6277,8
6278,4
6279,14
6280,17
6281,18
6282,10
6283,3
6284,2
6285,4
6286,16
6287,15
6288,9
6289,15
6290,10
6291,14
6292,19
6293,11
6294,18
6295,15
6296,4
6297,12
6298,2
6299,11
6300,17
6301,18
6302,11
6303,10
6304,8
6305,4
6306,12
6307,18
6308,11
6309,0
6310,17
6311,19
6312,14
6313,15
6314,18
6315,15
6316,10
6317,7
6318,18
6319,12
6320,8
6321,3
6322,1
6323,8
6324,12
6325,10
6326,6
6327,11
6328,11
6329,19
6330,4
6331,2
6332,10
6333,15
6334,3
6335,9
6336,10
6337,7
6338,13
6339,13
6340,7
6341,6
6342,15
6343,8
6344,13
6345,11
6346,17
6347,10
6348,6
6349,18
6350,16
6351,12
6352,13
6353,14
6354,2
6355,18
6356,18
6357,2
6358,7
6359,5
6360,6
6361,6
6362,7
6363,12
6364,9
6365,18
6366,4
6367,6
6368,10
6369,14
6370,12
6371,8
6372,8
6373,6
6374,6
6375,15
6376,6
6377,11
6378,19
6379,15
6380,3
6381,9
6382,8
6383,9
6384,15
6385,18
6386,19
6387,7
6388,8
6389,19
6390,17
6391,16
6392,7
6393,14
6394,7
6395,10
6396,3
6397,15
6398,17
6399,8
6400,2
6401,6
6402,19
6403,9
6404,13
6405,15
6406,0
6407,8
6408,6
6409,7
6410,2
6411,7
6412,6
6413,0
6414,9
6415,18
6416,7
6417,3
6418,8
6419,5
6420,16
6421,8
6422,11
6423,1
6424,19
6425,2
6426,17
6427,12
6428,0
6429,11
6430,6
6431,4
6432,0
6433,6
6434,1
6435,3
6436,0
6437,4
6438,11
6439,9
6440,8
6441,12
6442,17
6443,2
6444,13
6445,8
6446,6
6447,11
6448,9
6449,16
6450,12
6451,5
6452,10
6453,8
6454,9
6455,6
6456,7
6457,6
6458,2
6459,8
6460,19
6461,7
6462,7
6463,6
6464,6
6465,1
6466,8
6467,2
6468,10
6469,15
6470,17
6471,6
6472,11
6473,8
6474,17
6475,12
6476,7
6477,5
6478,18
6479,12
6480,8
6481,14
6482,18
6483,4
6484,7
6485,0
6486,4
6487,13
6488,0
6489,3
6490,3
6491,11
6492,6
6493,16
6494,8
6495,14
6496,19
6497,4
6498,18
6499,3
6500,1
6501,6
6502,9
6503,6
6504,8
6505,19
6506,19
6507,17
6508,16
6509,12
6510,3
6511,19
6512,17
6513,0
6514,16
6515,19
6516,12
6517,12
6518,8
6519,3
6520,3
6521,7
6522,4
6523,18
6524,7
6525,3
6526,18
6527,12
6528,6
6529,19
6530,1
6531,17
6532,8
6533,6
6534,12
6535,8
6536,0
6537,4
6538,14
6539,8
6540,8
6541,3
6542,19
6543,12
6544,13
6545,8
6546,9
6547,15
6548,11
6549,16
6550,0
6551,9
6552,16
6553,10
6554,19
6555,15
6556,2
6557,16
6558,0
6559,0
6560,14
6561,1
6562,3
6563,18
6564,17
6565,12
6566,10
6567,10
6568,7
6569,8
6570,7
6571,8
6572,18
6573,16
6574,12
6575,6
6576,11
6577,17
6578,17
6579,8
6580,8
6581,10
6582,3
6583,4
6584,2
6585,6
6586,14
6587,3
6588,8
6589,8
6590,6
6591,2
6592,8
6593,15
6594,0
6595,14
6596,8
6597,3
6598,8
6599,4
6600,1
6601,12
6602,12
6603,16
6604,0
6605,2
6606,3
6607,13
6608,6
6609,3
6610,17
6611,1
6612,15
6613,17
6614,11
6615,17
6616,7
6617,0
6618,15
6619,2
6620,8
6621,7
6622,5
6623,17
6624,4
6625,15
6626,10
6627,10
6628,12
6629,16
6630,18
6631,15
6632,7
6633,7
6634,18
6635,14
6636,18
6637,10
6638,7
6639,17
6640,5
6641,6
6642,16
6643,2
6644,3
6645,10
6646,17
6647,14
6648,19
6649,3
6650,1
6651,13
6652,9
6653,6
6654,19
6655,15
6656,13
6657,0
6658,14
6659,18
6660,2
6661,3
6662,17
6663,4
6664,5
6665,3
6666,14
6667,5
6668,12
6669,8
6670,14
6671,11
6672,10
6673,19
6674,7
6675,6
6676,9
6677,15
6678,11
6679,9
6680,19
6681,15
6682,1
6683,1
6684,18
6685,10
6686,18
6687,17
6688,4
6689,15
6690,10
6691,7
6692,12
6693,14
6694,6
6695,2
6696,1
6697,2
6698,3
6699,15
6700,8
6701,4
6702,19
6703,16
6704,16
6705,9
6706,12
6707,12
6708,3
6709,4
6710,4
6711,8
6712,12
6713,1
6714,16
6715,4
6716,8
6717,4
6718,18
6719,16
6720,11
6721,3
6722,3
6723,8
6724,8
6725,14
6726,7
6727,11
6728,16
6729,7
6730,13
6731,3
6732,12
6733,13
6734,7
6735,4
6736,10
6737,14
6738,12
6739,3
6740,10
6741,6
6742,19
6743,3
6744,0
6745,14
6746,16
6747,13
6748,6
6749,3
6750,6
6751,13
6752,3
6753,17
6754,14
6755,8
6756,19
6757,4
6758,16
6759,14
6760,0
6761,17
6762,19
6763,1
6764,14
6765,9
6766,12
6767,16
6768,10
6769,18
6770,4
6771,16
6772,11
6773,5
6774,17
6775,9
6776,10
6777,17
6778,9
6779,8
6780,11
6781,14
6782,15
6783,19
6784,11
6785,15
6786,10
6787,11
6788,14
6789,1
6790,13
6791,9
6792,14
6793,9
6794,12
6795,7
6796,19
6797,16
6798,2
6799,5
6800,18
6801,9
6802,12
6803,1
6804,13
6805,4
6806,15
6807,8
6808,3
6809,17
6810,0
6811,0
6812,11
6813,19
6814,16
6815,12
6816,15
6817,16
6818,1
6819,19
6820,1
6821,12
6822,16
6823,10
6824,7
6825,17
6826,8
6827,14
6828,8
6829,3
6830,8
6831,14
6832,12
6833,16
6834,9
6835,4
6836,7
6837,3
6838,10
6839,17
6840,2
6841,13
6842,7
6843,16
6844,0
6845,9
6846,3
6847,2
6848,5
6849,7
6850,17
6851,7
6852,7
6853,15
6854,6
6855,12
6856,3
6857,0
6858,17
6859,19
6860,18
6861,6
6862,12
6863,18
6864,11
6865,10
6866,3
6867,10
6868,3
6869,3
6870,14
6871,13
6872,19
6873,0
6874,18
6875,19
6876,6
6877,14
6878,0
6879,7
6880,17
6881,1
6882,18
6883,7
6884,5
6885,3
6886,10
6887,13
6888,1
6889,19
6890,1
6891,11
6892,13
6893,6
6894,6
6895,14
6896,11
6897,8
6898,4
6899,11
6900,1
6901,12
6902,8
6903,11
6904,10
6905,14
6906,10
6907,16
6908,19
6909,3
6910,7
6911,8
6912,3
6913,14
6914,8
6915,19
6916,8
6917,15
6918,9
6919,3
6920,17
6921,3
6922,1
6923,8
6924,16
6925,4
6926,6
6927,9
6928,12
6929,12
6930,17
6931,8
6932,17
6933,14
6934,12
6935,17
6936,3
6937,8
6938,14
6939,8
6940,9
6941,0
6942,11
6943,2
6944,11
6945,2
6946,3
6947,2
6948,17
6949,13
6950,9
6951,8
6952,16
6953,7
6954,14
6955,10
6956,12
6957,5
6958,16
6959,15
6960,0
6961,15
6962,10
6963,4
6964,8
6965,10
6966,17
6967,1
6968,9
6969,7
6970,4
6971,10
6972,18
6973,14
6974,15
6975,6
6976,15
6977,7
6978,8
6979,15
6980,3
6981,8
6982,11
6983,5
6984,2
6985,7
6986,14
6987,8
6988,8
6989,19
6990,5
6991,13
6992,9
6993,17
6994,16
6995,3
6996,6
6997,19
6998,4
6999,17
7000,7
7001,1
7002,3
7003,7
7004,6
7005,7
7006,6
7007,16
7008,6
7009,3
7010,14
7011,11
7012,16
7013,19
7014,17
7015,14
7016,1
7017,12
7018,0
7019,3
7020,18
7021,3
7022,11
7023,15
7024,10
7025,7
7026,12
7027,3
7028,16
7029,17
7030,14
7031,1
7032,19
7033,9
7034,13
7035,0
7036,9
7037,5
7038,8
7039,4
7040,7
7041,6
7042,14
7043,10
7044,10
7045,6
7046,12
7047,10
7048,1
7049,7
7050,17
7051,1
7052,18
7053,4
7054,15
7055,18
7056,3
7057,8
7058,7
7059,12
7060,8
7061,3
7062,18
7063,15
7064,14
7065,13
7066,2
7067,18
7068,18
7069,13
7070,12
7071,14
7072,17
7073,18
7074,8
7075,6
7076,12
7077,6
7078,10
7079,1
7080,3
7081,10
7082,3
7083,16
7084,9
7085,12
7086,8
7087,17
7088,18
7089,10
7090,7
7091,19
7092,19
7093,10
7094,16
7095,2
7096,7
7097,17
7098,8
7099,10
7100,3
7101,19
7102,0
7103,10
7104,4
7105,10
7106,0
7107,8
7108,15
7109,7
7110,12
7111,17
7112,19
7113,3
7114,15
7115,2
7116,2
7117,3
7118,4
7119,19
7120,3
7121,7
7122,19
7123,10
7124,17
7125,10
7126,16
7127,18
7128,2
7129,8
7130,8
7131,8
7132,16
7133,0
7134,15
7135,16
7136,11
7137,8
7138,16
7139,4
7140,18
7141,17
7142,9
7143,17
7144,5
7145,2
7146,6
7147,11
7148,15
7149,1
7150,4
7151,10
7152,17
7153,10
7154,5
7155,10
7156,9
7157,8
7158,6
7159,5
7160,17
7161,7
7162,7
7163,18
7164,2
7165,13
7166,19
7167,9
7168,3
7169,11
7170,14
7171,18
7172,18
7173,15
7174,2
7175,14
7176,2
7177,14
7178,9
7179,11
7180,5
7181,10
7182,14
7183,15
7184,11
7185,4
7186,14
7187,8
7188,7
7189,2
7190,10
7191,12
7192,17
7193,10
7194,0
7195,14
7196,8
7197,7
7198,17
7199,16
7200,8
7201,12
7202,9
7203,1
7204,5
7205,7
7206,11
7207,3
7208,12
7209,2
7210,4
7211,2
7212,9
7213,12
7214,3
7215,9
7216,16
7217,14
7218,17
7219,4
7220,0
7221,1
7222,5
7223,3
7224,3
7225,1
7226,6
7227,9
7228,3
7229,2
7230,11
7231,0
7232,8
7233,2
7234,15
7235,11
7236,6
7237,17
7238,5
7239,2
7240,7
7241,19
7242,4
7243,14
7244,5
7245,0
7246,11
7247,13
7248,2
7249,17
7250,16
7251,9
7252,6
7253,18
7254,17
7255,14
7256,19
7257,5
7258,5
7259,5
7260,12
7261,8
7262,1
7263,15
7264,1
7265,2
7266,3
7267,18
7268,14
7269,13
7270,16
7271,0
7272,16
7273,9
7274,1
7275,18
7276,7
7277,19
7278,11
7279,12
7280,5
7281,1
7282,19
7283,6
7284,17
7285,9
7286,19
7287,6
7288,8
7289,17
7290,2
7291,4
7292,9
7293,16
7294,2
7295,7
7296,3
7297,1
7298,16
7299,5
7300,14
7301,3
7302,4
7303,4
7304,7
7305,8
7306,16
7307,7
7308,0
7309,14
7310,1
7311,2
7312,9
7313,12
7314,8
7315,6
7316,4
7317,14
7318,6
7319,14
7320,17
7321,7
7322,18
7323,3
7324,1
7325,14
7326,11
7327,16
7328,3
7329,18
7330,2
7331,15
7332,18
7333,2
7334,5
7335,8
7336,10
7337,17
7338,14
7339,6
7340,13
7341,10
7342,10
7343,19
7344,12
7345,18
7346,3
7347,11
7348,7
7349,3
7350,0
7351,4
7352,16
7353,18
7354,16
7355,10
7356,16
7357,4
7358,16
7359,9
7360,19
7361,18
7362,14
7363,6
7364,8
7365,0
7366,1
7367,4
7368,2
7369,0
7370,3
7371,19
7372,12
7373,8
7374,9
7375,17
7376,3
7377,12
7378,3
7379,16
7380,1
7381,11
7382,12
7383,6
7384,18
7385,8
7386,12
7387,18
7388,6
7389,1
7390,4
7391,14
7392,14
7393,10
7394,8
7395,0
7396,18
7397,12
7398,16
7399,2
7400,11
7401,3
7402,11
7403,2
7404,3
7405,8
7406,3
7407,15
7408,12
7409,4
7410,13
7411,12
7412,19
7413,12
7414,15
7415,3
7416,17
7417,7
7418,10
7419,3
7420,11
7421,15
7422,6
7423,13
7424,10
7425,2
7426,13
7427,18
7428,14
7429,1
7430,12
7431,19
7432,18
7433,9
7434,10
7435,17
7436,17
7437,14
7438,2
7439,9
7440,17
7441,16
7442,2
7443,6
7444,8
7445,16
7446,14
7447,2
7448,16
7449,7
7450,0
7451,11
7452,12
7453,13
7454,2
7455,17
7456,19
7457,3
7458,16
7459,7
7460,16
7461,7
7462,14
7463,13
7464,11
7465,2
7466,8
7467,10
7468,8
7469,11
7470,7
7471,7
7472,1
7473,18
7474,13
7475,17
7476,14
7477,4
7478,17
7479,16
7480,9
7481,9
7482,11
7483,14
7484,12
7485,16
7486,11
7487,18
7488,6
7489,14
7490,2
7491,3
7492,10
7493,12
7494,8
7495,17
7496,9
7497,7
7498,4
7499,5
7500,13
7501,14
7502,0
7503,4
7504,5
7505,6
7506,15
7507,0
7508,1
7509,3
7510,9
7511,15
7512,11
7513,6
7514,11
7515,15
7516,18
7517,10
7518,3
7519,13
7520,16
7521,9
7522,15
7523,7
7524,9
7525,14
7526,19
7527,1
7528,9
7529,4
7530,8
7531,6
7532,4
7533,7
7534,18
7535,9
7536,13
7537,4
7538,17
7539,14
7540,16
7541,6
7542,19
7543,1
7544,3
7545,2
7546,16
7547,2
7548,14
7549,5
7550,1
7551,19
7552,6
7553,16
7554,9
7555,14
7556,7
7557,8
7558,3
7559,14
7560,15
7561,16
7562,17
7563,4
7564,17
7565,5
7566,12
7567,11
7568,18
7569,4
7570,7
7571,2
7572,15
7573,12
7574,7
7575,16
7576,6
7577,6
7578,9
7579,18
7580,14
7581,1
7582,7
7583,19
7584,3
7585,2
7586,16
7587,11
7588,8
7589,14
7590,15
7591,5
7592,0
7593,19
7594,6
7595,8
7596,10
7597,0
7598,10
7599,0
7600,15
7601,6
7602,11
7603,14
7604,0
7605,2
7606,19
7607,15
7608,18
7609,4
7610,7
7611,1
7612,2
7613,19
7614,15
7615,8
7616,14
7617,19
7618,13
7619,16
7620,3
7621,1
7622,18
7623,16
7624,17
7625,18
7626,9
7627,1
7628,2
7629,3
7630,17
7631,10
7632,14
7633,14
7634,4
7635,8
7636,13
7637,2
7638,10
7639,3
7640,1
7641,7
7642,8
7643,17
7644,19
7645,14
7646,11
7647,8
7648,17
7649,12
7650,14
7651,0
7652,18
7653,6
7654,3
7655,12
7656,10
7657,16
7658,17
7659,12
7660,4
7661,16
7662,17
7663,5
7664,8
7665,12
7666,11
7667,3
7668,17
7669,3
7670,5
7671,12
7672,0
7673,1
7674,0
7675,2
7676,3
7677,10
7678,6
7679,3
7680,6
7681,14
7682,14
7683,1
7684,19
7685,15
7686,10
7687,1
7688,0
7689,2
7690,11
7691,15
7692,1
7693,14
7694,15
7695,6
7696,13
7697,10
7698,12
7699,8
7700,18
7701,12
7702,9
7703,15
7704,17
7705,12
7706,8
7707,8
7708,8
7709,4
7710,17
7711,0
7712,10
7713,18
7714,16
7715,10
7716,7
7717,14
7718,12
7719,3
7720,2
7721,8
7722,16
7723,12
7724,14
7725,12
7726,8
7727,1
7728,2
7729,2
7730,10
7731,3
7732,7
7733,14
7734,5
7735,10
7736,8
7737,8
7738,10
7739,18
7740,9
7741,1
7742,17
7743,2
7744,6
7745,16
7746,18
7747,18
7748,2
7749,0
7750,10
7751,1
7752,5
7753,15
7754,11
7755,13
7756,1
7757,12
7758,18
7759,1
7760,19
7761,9
7762,10
7763,16
7764,6
7765,17
7766,3
7767,7
7768,2
7769,19
7770,18
7771,6
7772,12
7773,10
7774,11
7775,2
7776,6
7777,18
7778,8
7779,2
7780,9
7781,17
7782,6
7783,2
7784,12
7785,12
7786,18
7787,1
7788,7
7789,9
7790,7
7791,10
7792,9
7793,3
7794,1
7795,5
7796,8
7797,3
7798,2
7799,5
7800,18
7801,8
7802,10
7803,7
7804,12
7805,19
7806,7
7807,6
7808,6
7809,7
7810,14
7811,10
7812,11
7813,14
7814,7
7815,8
7816,8
7817,7
7818,8
7819,8
7820,8
7821,17
7822,13
7823,19
7824,0
7825,8
7826,10
7827,18
7828,13
7829,8
7830,3
7831,4
7832,8
7833,17
7834,11
7835,17
7836,16
7837,2
7838,15
7839,3
7840,17
7841,3
7842,19
7843,16
7844,2
7845,8
7846,11
7847,8
7848,12
7849,6
7850,19
7851,18
7852,8
7853,6
7854,16
7855,10
7856,13
7857,14
7858,1
7859,16
7860,3
7861,7
7862,3
7863,19
7864,16
7865,8
7866,8
7867,9
7868,4
7869,2
7870,1
7871,16
7872,17
7873,9
7874,3
7875,16
7876,18
7877,4
7878,9
7879,0
7880,8
7881,4
7882,13
7883,2
7884,17
7885,17
7886,14
7887,9
7888,17
7889,7
7890,8
7891,4
7892,17
7893,14
7894,2
7895,13
7896,9
7897,14
7898,8
7899,6
7900,7
7901,18
7902,0
7903,6
7904,12
7905,2
7906,2
7907,13
7908,0
7909,8
7910,15
7911,8
7912,14
7913,8
7914,1
7915,13
7916,0
7917,12
7918,8
7919,10
7920,0
7921,8
7922,8
7923,16
7924,0
7925,15
7926,9
7927,0
7928,8
7929,7
7930,6
7931,6
7932,1
7933,12
7934,3
7935,2
7936,10
7937,1
7938,3
7939,10
7940,4
7941,13
7942,4
7943,6
7944,7
7945,17
7946,9
7947,8
7948,17
7949,14
7950,2
7951,3
7952,14
7953,7
7954,6
7955,9
7956,7
7957,16
7958,13
7959,10
7960,3
7961,8
7962,19
7963,10
7964,19
7965,9
7966,17
7967,4
7968,9
7969,3
7970,2
7971,4
7972,4
7973,2
7974,4
7975,14
7976,10
7977,18
7978,16
7979,2
7980,0
7981,7
7982,2
7983,1
7984,4
7985,14
7986,9
7987,17
7988,12
7989,9
7990,10
7991,14
7992,17
7993,3
7994,17
7995,5
7996,5
7997,6
7998,7
7999,5
8000,15
8001,15
8002,14
8003,10
8004,9
8005,2
8006,4
8007,15
8008,10
8009,19
8010,14
8011,9
8012,11
8013,13
8014,17
8015,5
8016,10
8017,19
8018,7
8019,17
8020,14
8021,0
8022,19
8023,11
8024,19
8025,0
8026,16
8027,15
8028,9
8029,9
8030,17
8031,12
8032,19
8033,6
8034,14
8035,2
8036,3
8037,15
8038,3
8039,16
8040,7
8041,0
8042,2
8043,0
8044,8
8045,18
8046,1
8047,7
8048,15
8049,6
8050,17
8051,14
8052,8
8053,5
8054,19
8055,6
8056,5
8057,12
8058,14
8059,14
8060,16
8061,11
8062,15
8063,11
8064,12
8065,12
8066,14
8067,2
8068,13
8069,5
8070,13
8071,14
8072,6
8073,17
8074,12
8075,8
8076,10
8077,14
8078,15
8079,11
8080,8
8081,6
8082,16
8083,6
8084,19
8085,10
8086,0
8087,0
8088,18
8089,17
8090,15
8091,17
8092,19
8093,18
8094,18
8095,16
8096,17
8097,12
8098,14
8099,19
8100,18
8101,8
8102,14
8103,16
8104,2
8105,19
8106,12
8107,7
8108,7
8109,3
8110,10
8111,16
8112,4
8113,0
8114,19
8115,4
8116,7
8117,16
8118,18
8119,15
8120,15
8121,12
8122,12
8123,12
8124,8
8125,2
8126,0
8127,7
8128,8
8129,2
8130,17
8131,1
8132,5
8133,10
8134,16
8135,6
8136,1
8137,19
8138,8
8139,16
8140,16
8141,9
8142,19
8143,10
8144,8
8145,8
8146,11
8147,1
8148,11
8149,11
8150,5
8151,10
8152,9
8153,18
8154,5
8155,1
8156,15
8157,10
8158,2
8159,1
8160,6
8161,15
8162,17
8163,2
8164,16
8165,10
8166,3
8167,15
8168,14
8169,1
8170,19
8171,19
8172,10
8173,11
8174,14
8175,17
8176,17
8177,18
8178,9
8179,4
8180,4
8181,19
8182,12
8183,1
8184,15
8185,2
8186,0
8187,12
8188,10
8189,19
8190,8
8191,18
8192,15
8193,14
8194,13
8195,4
8196,13
8197,14
8198,17
8199,16
8200,7
8201,0
8202,12
8203,0
8204,6
8205,14
8206,4
8207,11
8208,14
8209,10
8210,0
8211,10
8212,10
8213,7
8214,8
8215,16
8216,16
8217,11
8218,6
8219,18
8220,0
8221,1
8222,12
8223,16
8224,0
8225,3
8226,13
8227,10
8228,19
8229,6
8230,3
8231,17
8232,11
8233,16
8234,12
8235,18
8236,5
8237,15
8238,17
8239,0
8240,0
8241,8
8242,15
8243,18
8244,7
8245,11
8246,14
8247,6
8248,13
8249,12
8250,9
8251,16
8252,10
8253,16
8254,3
8255,8
8256,7
8257,1
8258,10
8259,4
8260,11
8261,11
8262,0
8263,18
8264,4
8265,5
8266,8
8267,3
8268,9
8269,19
8270,12
8271,0
8272,17
8273,18
8274,18
8275,14
8276,4
8277,8
8278,8
8279,18
8280,7
8281,11
8282,3
8283,15
8284,15
8285,16
8286,1
8287,17
8288,5
8289,18
8290,9
8291,12
8292,6
8293,18
8294,10
8295,7
8296,3
8297,15
8298,19
8299,11
8300,6
8301,8
8302,0
8303,0
8304,0
8305,1
8306,2
8307,14
8308,14
8309,15
8310,2
8311,1
8312,1
8313,19
8314,12
8315,2
8316,19
8317,11
8318,5
8319,4
8320,1
8321,1
8322,15
8323,16
8324,9
8325,14
8326,8
8327,10
8328,13
8329,8
8330,11
8331,6
8332,9
8333,17
8334,19
8335,16
8336,18
8337,6
8338,2
8339,15
8340,13
8341,10
8342,0
8343,0
8344,6
8345,3
8346,5
8347,19
8348,5
8349,17
8350,4
8351,0
8352,19
8353,19
8354,8
8355,6
8356,9
8357,7
8358,13
8359,13
8360,7
8361,1
8362,5
8363,15
8364,6
8365,17
8366,15
8367,3
8368,4
8369,7
8370,13
8371,19
8372,17
8373,3
8374,12
8375,10
8376,8
8377,16
8378,10
8379,19
8380,13
8381,6
8382,3
8383,0
8384,10
8385,16
8386,13
8387,17
8388,19
8389,8
8390,5
8391,2
8392,15
8393,3
8394,15
8395,2
8396,18
8397,6
8398,0
8399,8
8400,19
8401,13
8402,11
8403,19
8404,14
8405,2
8406,14
8407,4
8408,9
8409,1
8410,18
8411,17
8412,13
8413,8
8414,18
8415,0
8416,1
8417,5
8418,14
8419,0
8420,8
8421,13
8422,3
8423,11
8424,17
8425,8
8426,2
8427,19
8428,9
8429,4
8430,5
8431,2
8432,6
8433,16
8434,3
8435,13
8436,17
8437,8
8438,14
8439,4
8440,3
8441,5
8442,5
8443,11
8444,11
8445,13
8446,0
8447,17
8448,11
8449,17
8450,6
8451,9
8452,6
8453,19
8454,3
8455,4
8456,8
8457,6
8458,16
8459,13
8460,6
8461,19
8462,10
8463,15
8464,7
8465,6
8466,13
8467,15
8468,4
8469,1
8470,0
8471,8
8472,14
8473,17
8474,12
8475,3
8476,5
8477,16
8478,9
8479,13
8480,8
8481,7
8482,4
8483,0
8484,2
8485,4
8486,7
8487,11
8488,13
8489,17
8490,8
8491,10
8492,2
8493,14
8494,2
8495,1
8496,17
8497,1
8498,17
8499,0
8500,9
8501,3
8502,2
8503,16
8504,7
8505,14
8506,10
8507,10
8508,9
8509,3
8510,0
8511,10
8512,18
8513,16
8514,9
8515,19
8516,14
8517,9
8518,4
8519,7
8520,8
8521,17
8522,6
8523,10
8524,6
8525,17
8526,9
8527,6
8528,9
8529,5
8530,19
8531,1
8532,8
8533,12
8534,9
8535,0
8536,11
8537,10
8538,14
8539,8
8540,17
8541,16
8542,11
8543,0
8544,19
8545,8
8546,11
8547,13
8548,15
8549,9
8550,18
8551,17
8552,17
8553,13
8554,6
8555,7
8556,17
8557,1
8558,16
8559,18
8560,13
8561,9
8562,3
8563,18
8564,6
8565,7
8566,14
8567,14
8568,3
8569,11
8570,13
8571,10
8572,6
8573,11
8574,9
8575,12
8576,1
8577,18
8578,1
8579,0
8580,16
8581,18
8582,7
8583,14
8584,16
8585,14
8586,8
8587,13
8588,13
8589,19
8590,12
8591,8
8592,18
8593,2
8594,4
8595,4
8596,15
8597,7
8598,17
8599,15
8600,10
8601,14
8602,13
8603,8
8604,0
8605,4
8606,18
8607,17
8608,9
8609,10
8610,10
8611,3
8612,11
8613,15
8614,8
8615,1
8616,15
8617,11
8618,19
8619,11
8620,12
8621,9
8622,17
8623,15
8624,2
8625,7
8626,10
8627,19
8628,18
8629,19
8630,1
8631,0
8632,7
8633,17
8634,19
8635,10
8636,19
8637,16
8638,2
8639,16
8640,16
8641,3
8642,15
8643,6
8644,16
8645,16
8646,7
8647,4
8648,0
8649,9
8650,15
8651,4
8652,9
8653,1
8654,17
8655,9
8656,10
8657,15
8658,16
8659,18
8660,7
8661,1
8662,12
8663,1
8664,8
8665,18
8666,13
8667,7
8668,7
8669,4
8670,5
8671,2
8672,15
8673,19
8674,3
8675,1
8676,3
8677,7
8678,10
8679,11
8680,18
8681,14
8682,17
8683,9
8684,18
8685,13
8686,12
8687,15
8688,18
8689,13
8690,8
8691,8
8692,2
8693,13
8694,18
8695,2
8696,18
8697,12
8698,11
8699,2
8700,5
8701,10
8702,16
8703,17
8704,11
8705,4
8706,9
8707,2
8708,11
8709,8
8710,19
8711,12
8712,6
8713,8
8714,12
8715,11
8716,13
8717,6
8718,9
8719,15
8720,7
8721,2
8722,1
8723,12
8724,9
8725,4
8726,15
8727,7
8728,14
8729,16
8730,18
8731,12
8732,6
8733,19
8734,11
8735,16
8736,0
8737,19
8738,10
8739,12
8740,11
8741,14
8742,0
8743,10
8744,5
8745,18
8746,4
8747,13
8748,15
8749,8
8750,8
8751,3
8752,8
8753,1
8754,18
8755,15
8756,8
8757,10
8758,5
8759,15
8760,4
8761,3
8762,10
8763,7
8764,19
8765,5
8766,16
8767,18
8768,17
8769,9
8770,6
8771,8
8772,11
8773,2
8774,16
8775,17
8776,0
8777,5
8778,6
8779,7
8780,16
8781,7
8782,12
8783,8
8784,13
8785,13
8786,7
8787,19
8788,15
8789,19
8790,14
8791,1
8792,11
8793,3
8794,11
8795,5
8796,17
8797,0
8798,10
8799,0
8800,6
8801,3
8802,13
8803,9
8804,15
8805,17
8806,7
8807,12
8808,19
8809,19
8810,3
8811,10
8812,3
8813,6
8814,0
8815,18
8816,3
8817,14
8818,10
8819,0
8820,3
8821,11
8822,18
8823,3
8824,4
8825,11
8826,19
8827,8
8828,13
8829,10
8830,8
8831,5
8832,8
8833,14
8834,15
8835,14
8836,19
8837,13
8838,11
8839,2
8840,0
8841,14
8842,7
8843,6
8844,2
8845,12
8846,11
8847,15
8848,11
8849,6
8850,2
8851,13
8852,15
8853,4
8854,8
8855,10
8856,18
8857,12
8858,3
8859,14
8860,15
8861,13
8862,2
8863,7
8864,4
8865,18
8866,7
8867,1
8868,19
8869,3
8870,18
8871,13
8872,6
8873,11
8874,7
8875,8
8876,8
8877,8
8878,13
8879,17
8880,0
8881,10
8882,8
8883,2
8884,8
8885,12
8886,2
8887,7
8888,7
8889,2
8890,17
8891,15
8892,8
8893,12
8894,2
8895,5
8896,16
8897,3
8898,7
8899,5
8900,0
8901,17
8902,8
8903,11
8904,18
8905,1
8906,18
8907,19
8908,9
8909,11
8910,5
8911,8
8912,6
8913,19
8914,16
8915,18
8916,3
8917,0
8918,16
8919,15
8920,7
8921,12
8922,15
8923,9
8924,12
8925,16
8926,9
8927,1
8928,8
8929,9
8930,8
8931,0
8932,8
8933,16
8934,4
8935,2
8936,9
8937,6
8938,6
8939,7
8940,3
8941,19
8942,2
8943,18
8944,5
8945,15
8946,18
8947,3
8948,4
8949,10
8950,13
8951,0
8952,2
8953,10
8954,16
8955,16
8956,11
8957,12
8958,18
8959,13
8960,8
8961,12
8962,17
8963,0
8964,6
8965,18
8966,11
8967,6
8968,4
8969,7
8970,10
8971,16
8972,8
8973,16
8974,0
8975,6
8976,6
8977,14
8978,0
8979,0
8980,11
8981,19
8982,19
8983,6
8984,15
8985,5
8986,14
8987,6
8988,12
8989,10
8990,16
8991,7
8992,1
8993,3
8994,14
8995,14
8996,16
8997,3
8998,9
8999,14
9000,9
9001,1
9002,15
9003,15
9004,10
9005,14
9006,8
9007,12
9008,10
9009,7
9010,16
9011,14
9012,11
9013,14
9014,9
9015,13
9016,3
9017,10
9018,16
9019,11
9020,14
9021,19
9022,9
9023,13
9024,7
9025,9
9026,14
9027,1
9028,10
9029,19
9030,0
9031,6
9032,9
9033,12
9034,5
9035,6
9036,7
9037,11
9038,14
9039,17
9040,14
9041,19
9042,14
9043,3
9044,17
9045,13
9046,19
9047,15
9048,17
9049,8
9050,8
9051,16
9052,0
9053,10
9054,10
9055,10
9056,10
9057,15
9058,8
9059,14
9060,5
9061,17
9062,6
9063,4
9064,12
9065,2
9066,15
9067,9
9068,19
9069,15
9070,8
9071,8
9072,12
9073,9
9074,1
9075,14
9076,2
9077,10
9078,2
9079,5
9080,7
9081,2
9082,10
9083,14
9084,15
9085,17
9086,14
9087,3
9088,17
9089,10
9090,0
9091,12
9092,17
9093,14
9094,14
9095,19
9096,16
9097,19
9098,10
9099,10
9100,12
9101,11
9102,15
9103,4
9104,6
9105,15
9106,4
9107,17
9108,1
9109,16
9110,15
9111,2
9112,2
9113,9
9114,19
9115,11
9116,0
9117,7
9118,9
9119,19
9120,15
9121,10
9122,2
9123,3
9124,10
9125,17
9126,8
9127,14
9128,4
9129,6
9130,12
9131,4
9132,2
9133,6
9134,1
9135,0
9136,17
9137,15
9138,1
9139,9
9140,2
9141,2
9142,7
9143,0
9144,6
9145,19
9146,3
9147,9
9148,13
9149,9
9150,0
9151,8
9152,7
9153,17
9154,4
9155,0
9156,3
9157,8
9158,8
9159,10
9160,2
9161,6
9162,4
9163,17
9164,9
9165,6
9166,10
9167,6
9168,13
9169,16
9170,3
9171,18
9172,14
9173,4
9174,14
9175,9
9176,6
9177,17
9178,3
9179,11
9180,18
9181,16
9182,17
9183,8
9184,6
9185,14
9186,17
9187,10
9188,0
9189,17
9190,1
9191,6
9192,18
9193,11
9194,12
9195,13
9196,0
9197,17
9198,7
9199,8
9200,14
9201,10
9202,1
9203,0
9204,13
9205,9
9206,17
9207,9
9208,17
9209,18
9210,2
9211,2
9212,10
9213,6
9214,8
9215,6
9216,0
9217,9
9218,17
9219,3
9220,3
9221,5
9222,7
9223,6
9224,10
9225,18
9226,19
9227,17
9228,7
9229,10
9230,9
9231,17
9232,4
9233,9
9234,3
9235,0
9236,8
9237,14
9238,19
9239,7
9240,10
9241,11
9242,14
9243,4
9244,1
9245,5
9246,3
9247,9
9248,7
9249,7
9250,13
9251,3
9252,5
9253,13
9254,13
9255,9
9256,13
9257,11
9258,9
9259,17
9260,2
9261,1
9262,6
9263,8
9264,15
9265,18
9266,16
9267,8
9268,11
9269,18
9270,14
9271,11
9272,2
9273,16
9274,3
9275,5
9276,4
9277,19
9278,2
9279,6
9280,19
9281,4
9282,0
9283,18
9284,17
9285,16
9286,4
9287,8
9288,11
9289,15
9290,14
9291,12
9292,12
9293,8
9294,10
9295,0
9296,6
9297,0
9298,18
9299,18
9300,10
9301,15
9302,7
9303,3
9304,3
9305,7
9306,17
9307,13
9308,2
9309,14
9310,17
9311,12
9312,1
9313,8
9314,0
9315,14
9316,18
9317,10
9318,3
9319,15
9320,19
9321,4
9322,10
9323,11
9324,7
9325,6
9326,6
9327,14
9328,14
9329,0
9330,8
9331,10
9332,11
9333,2
9334,7
9335,9
9336,11
9337,12
9338,14
9339,15
9340,16
9341,9
9342,6
9343,9
9344,0
9345,7
9346,18
9347,17
9348,3
9349,5
9350,19
9351,19
9352,17
9353,9
9354,17
9355,4
9356,9
9357,3
9358,18
9359,5
9360,5
9361,10
9362,3
9363,18
9364,0
9365,3
9366,17
9367,10
9368,19
9369,10
9370,5
9371,0
9372,18
9373,19
9374,2
9375,15
9376,0
9377,10
9378,19
9379,4
9380,5
9381,19
9382,16
9383,12
9384,6
9385,7
9386,14
9387,12
9388,9
9389,3
9390,8
9391,19
9392,0
9393,7
9394,16
9395,17
9396,17
9397,7
9398,18
9399,1
9400,18
9401,2
9402,17
9403,8
9404,13
9405,4
9406,14
9407,14
9408,1
9409,1
9410,19
9411,10
9412,10
9413,8
9414,1
9415,6
9416,4
9417,0
9418,14
9419,5
9420,9
9421,17
9422,17
9423,12
9424,3
9425,14
9426,11
9427,1
9428,3
9429,14
9430,8
9431,10
9432,6
9433,9
9434,5
9435,18
9436,6
9437,14
9438,19
9439,10
9440,11
9441,15
9442,11
9443,14
9444,13
9445,15
9446,11
9447,9
9448,12
9449,14
9450,0
9451,15
9452,19
9453,12
9454,3
9455,11
9456,13
9457,3
9458,9
9459,18
9460,1
9461,7
9462,13
9463,7
9464,18
9465,19
9466,3
9467,17
9468,5
9469,17
9470,10
9471,13
9472,4
9473,7
9474,10
9475,18
9476,17
9477,13
9478,12
9479,12
9480,1
9481,19
9482,15
9483,11
9484,3
9485,4
9486,7
9487,17
9488,11
9489,2
9490,15
9491,2
9492,3
9493,3
9494,8
9495,4
9496,0
9497,8
9498,15
9499,8
9500,16
9501,19
9502,18
9503,4
9504,6
9505,7
9506,3
9507,17
9508,10
9509,13
9510,12
9511,2
9512,16
9513,4
9514,4
9515,9
9516,11
9517,17
9518,18
9519,1
9520,0
9521,18
9522,6
9523,17
9524,12
9525,10
9526,8
9527,14
9528,12
9529,11
9530,0
9531,8
9532,7
9533,6
9534,14
9535,2
9536,15
9537,12
9538,16
9539,3
9540,6
9541,12
9542,1
9543,16
9544,9
9545,10
9546,2
9547,7
9548,19
9549,1
9550,4
9551,16
9552,8
9553,1
9554,18
9555,7
9556,15
9557,19
9558,3
9559,4
9560,11
9561,14
9562,1
9563,4
9564,10
9565,6
9566,1
9567,11
9568,7
9569,8
9570,9
9571,10
9572,17
9573,7
9574,18
9575,8
9576,18
9577,5
9578,2
9579,8
9580,18
9581,10
9582,10
9583,13
9584,12
9585,14
9586,0
9587,16
9588,2
9589,16
9590,18
9591,0
9592,19
9593,11
9594,4
9595,3
9596,12
9597,8
9598,7
9599,16
9600,2
9601,14
9602,7
9603,5
9604,7
9605,0
9606,1
9607,16
9608,12
9609,15
9610,2
9611,11
9612,3
9613,14
9614,0
9615,19
9616,3
9617,2
9618,2
9619,14
9620,12
9621,6
9622,12
9623,3
9624,17
9625,1
9626,6
9627,8
9628,12
9629,7
9630,0
9631,12
9632,10
9633,8
9634,10
9635,1
9636,10
9637,16
9638,13
9639,2
9640,13
9641,17
9642,8
9643,16
9644,1
9645,2
9646,10
9647,14
9648,11
9649,14
9650,7
9651,6
9652,6
9653,10
9654,17
9655,5
9656,9
9657,9
9658,3
9659,0
9660,7
9661,17
9662,6
9663,17
9664,14
9665,12
9666,0
9667,0
9668,4
9669,8
9670,12
9671,8
9672,9
9673,8
9674,2
9675,16
9676,4
9677,3
9678,9
9679,19
9680,18
9681,4
9682,12
9683,3
9684,3
9685,14
9686,14
9687,10
9688,4
9689,16
9690,13
9691,3
9692,8
9693,18
9694,16
9695,15
9696,12
9697,2
9698,7
9699,6
9700,17
9701,6
9702,6
9703,11
9704,17
9705,8
9706,15
9707,6
9708,10
9709,4
9710,9
9711,8
9712,3
9713,11
9714,3
9715,6
9716,15
9717,2
9718,3
9719,10
9720,15
9721,8
9722,18
9723,2
9724,10
9725,10
9726,10
9727,3
9728,12
9729,5
9730,0
9731,8
9732,9
9733,1
9734,19
9735,14
9736,8
9737,11
9738,0
9739,16
9740,9
9741,19
9742,17
9743,10
9744,14
9745,18
9746,0
9747,8
9748,8
9749,9
9750,8
9751,3
9752,7
9753,11
9754,19
9755,10
9756,18
9757,1
9758,14
9759,8
9760,6
9761,7
9762,5
9763,18
9764,3
9765,17
9766,17
9767,0
9768,6
9769,10
9770,13
9771,11
9772,5
9773,14
9774,19
9775,3
9776,4
9777,2
9778,6
9779,1
9780,8
9781,3
9782,16
9783,8
9784,2
9785,16
9786,0
9787,8
9788,8
9789,9
9790,19
9791,9
9792,4
9793,14
9794,1
9795,7
9796,1
9797,7
9798,12
9799,0
9800,14
9801,0
9802,19
9803,16
9804,12
9805,18
9806,0
9807,9
9808,10
9809,15
9810,19
9811,13
9812,8
9813,13
9814,12
9815,19
9816,14
9817,17
9818,16
9819,0
9820,14
9821,17
9822,5
9823,12
9824,6
9825,7
9826,13
9827,10
9828,8
9829,12
9830,8
9831,14
9832,16
9833,14
9834,11
9835,15
9836,13
9837,4
9838,6
9839,13
9840,6
9841,10
9842,16
9843,14
9844,18
9845,3
9846,2
9847,10
9848,0
9849,6
9850,10
9851,1
9852,9
9853,3
9854,6
9855,12
9856,1
9857,5
9858,7
9859,1
9860,7
9861,4
9862,13
9863,7
9864,7
9865,18
9866,6
9867,5
9868,8
9869,0
9870,7
9871,6
9872,13
9873,12
9874,17
9875,18
9876,4
9877,3
9878,10
9879,8
9880,7
9881,7
9882,7
9883,19
9884,0
9885,6
9886,17
9887,9
9888,18
9889,7
9890,19
9891,9
9892,2
9893,13
9894,0
9895,6
9896,13
9897,17
9898,14
9899,9
9900,16
9901,17
9902,3
9903,1
9904,8
9905,5
9906,0
9907,16
9908,6
9909,14
9910,19
9911,14
9912,17
9913,16
9914,1
9915,7
9916,7
9917,0
9918,14
9919,3
9920,4
9921,8
9922,2
9923,18
9924,6
9925,19
9926,1
9927,15
9928,3
9929,0
9930,17
9931,17
9932,11
9933,5
9934,7
9935,14
9936,6
9937,4
9938,9
9939,10
9940,2
9941,8
9942,6
9943,16
9944,10
9945,10
9946,3
9947,6
9948,4
9949,18
9950,2
9951,10
9952,3
9953,15
9954,3
9955,11
9956,12
9957,1
9958,10
9959,17
9960,6
9961,13
9962,8
9963,0
9964,1
9965,8
9966,16
9967,9
9968,6
9969,6
9970,13
9971,4
9972,7
9973,3
9974,12
9975,16
9976,13
9977,6
9978,18
9979,19
9980,10
9981,3
9982,17
9983,1
9984,1
9985,13
9986,0
9987,15
9988,7
9989,9
9990,14
9991,13
9992,14
9993,7
9994,6
9995,8
9996,17
9997,16
9998,11
9999,15
